id,domain,status,purchase_price,renewal_price,attractiveness,demand,length,registrar,created_at,expires_at,status_verified_at
2195e74b-2573-47f5-8369-76209d0abc8b,tuan.co,resell,,,high,high,4,Dynadot Inc,25/10/2020 17:00,25/10/2025 17:00,
50768cad-380b-43ae-a9c0-187769b00af8,oddities.co,resell,,,high,medium,8,"GoDaddy.com, LLC",13/05/2022 18:15,13/05/2026 18:15,
4b3d8c80-1963-452a-be88-8d24bd864165,chests.co,resell,,,high,low,6,Dynadot Inc,20/07/2017 09:26,19/07/2027 23:59,24/09/2026 07:42
787c9a87-ab71-41f0-9f6d-07c455bce2f8,withdrew.co,available,,,high,high,8,,,,
84afc39f-2c8b-4823-9bb3-76edb907e7a8,bestowing.co,available,,,medium,low,9,,,,
7172bdf4-05c0-4a70-9b4a-19b1ce4234aa,fishfinders.co,available,,,medium,low,11,,,,
2fcd82bf-124c-4cdc-abf9-8c9cc49444af,bulletless.co,available,,,high,high,10,,,,
a3c1ecf6-a05a-4507-b520-ad6f20160e6c,senatorial.co,premium,116,116,high,low,10,namesilo,,,10/09/2026 03:39
cf057ff2-c3c3-4f19-92aa-2fbe509f7fe1,hazard.co,resell,,,high,low,6,"GoDaddy.com, LLC",20/07/2010 18:10,19/07/2028 23:59,19/09/2026 13:36
d3ad63dc-dfa0-4b6a-a46f-f979bfef3a89,quenching.co,available,,,high,medium,9,,,,
7a46895d-de18-4320-b065-6d054aa5eb96,admissible.co,premium,116,116,high,low,10,namesilo,,,
3658b306-2337-4170-881c-de0790f77973,prerecorded.co,available,,,medium,low,12,,,,
62d5d2cf-a810-4c9d-bb58-14f51ffac788,sidesplitting.co,available,,,high,high,13,,,,
e0bb5c80-ea12-4f6d-b3dc-b24701d42b55,maintainability.co,available,,,high,low,15,,,,
149622d6-a450-44b5-8edf-d0073d9a88da,marruecos.co,available,,,high,high,9,,,,
46ee7e14-1438-4482-a63c-30c36739788e,coffeepot.co,available,,,high,high,9,,,,
efe570f3-a416-40a7-9ed5-93c91a290bce,comedown.co,available,,,high,high,9,,,,
aadfab23-1cb2-4fc9-9db0-2275456ce6e1,communitywise.co,available,,,high,high,13,,,,
93046d96-1c92-4884-addf-a7f6976393d2,hlaford.co,available,,,high,high,7,,,,
9b011c8a-0b47-4776-bf74-925e6524a6fe,emals.co,available,,,high,high,5,,,,
44b22135-c5ea-43bd-a876-ae1c4123f898,underserved.co,available,,,high,high,11,,,,
297fc805-61cb-4d98-8676-1637a2152cae,segmented.co,resell,,,high,low,9,"GoDaddy.com, LLC",23/10/2013 08:14,22/10/2026 23:59,24/08/2026 21:43
935b5867-4a4e-4a4b-bebe-b0cda7dff8a1,midthorax.co,available,,,medium,low,9,,,,
c114e5e1-aa07-470d-b3f1-7aa4d4f697ab,dogsledder.co,available,,,high,high,10,,,,
29cd7ab4-af32-467e-af0d-d2be5e897161,gorleston.co,available,,,high,high,9,,,,
360910d6-a574-4549-b366-9de237e22fa9,kongolese.co,available,,,high,high,9,,,,
71167164-8631-48da-b7c6-a321f0a847fc,minstrelsy.co,available,,,high,high,10,,,,
6e4d5bc1-73fb-49d2-ac8d-aecdfbadf49b,whixall.co,available,,,high,high,7,,,,
7f974fd9-4041-4f4c-82a8-03da75f9a977,careener.co,available,,,high,high,8,,,,
2f7c422c-47f0-431d-b4e3-a0077349f5b0,potentially.co,available,,,high,high,11,,,,
53b76300-84ce-4610-8e4b-bbfb8946c963,outspoken.co,resell,,,high,high,9,InternetX GmbH,08/12/2017 17:00,08/12/2025 17:00,
55c55ee3-0af7-4030-9502-f742f47c545b,oxymoron.co,available,,,high,high,8,,,,
81684f1a-a7ac-4851-b448-74253be8948c,absolutistical.co,available,,,high,high,14,,,,
1906b505-6a7b-4cfb-a746-8d461bf1253f,receptor.co,resell,,,high,high,8,Dynadot Inc,22/09/2013 05:04,21/09/2025 23:59,
21aebce1-cbc0-4ccc-acf6-3f3b91bd2175,chiefdom.co,available,,,high,high,8,,,,
27bf4e68-4d91-47c1-b4f9-0e31dee6b371,interdict.co,available,,,high,high,9,,,,
fedaeccf-c3cc-4a04-913f-932ce675aa3c,undiluted.co,available,,,high,high,9,,,,
9fa2ce87-ae9b-49da-8b94-147093437772,dolors.co,available,,,high,low,6,,,,
bbe277af-2e8d-4ee8-bf09-d89c908a2e9f,eliciting.co,available,,,high,high,9,,,,
97a7dff1-88d3-4724-a24c-d4950df5aa15,outset.co,resell,,,high,high,6,Alibaba Cloud Computing Ltd. d/b/a HiChina (www.net.cn),09/02/2011 19:51,08/02/2026 23:59,
97674f8b-570d-4ae9-b5ab-4cf5fd91175f,deescalations.co,available,,,low,low,13,,,,
29bfe0c8-d503-4133-98cc-ca1b69e72421,clothescare.co,available,,,high,high,11,,,,
34139180-d0d0-4447-92f6-ed4e5567c215,cautious.co,premium,116,116,high,low,8,namesilo,,,11/08/2026 22:44
cbed65b9-57ef-4f09-9d2a-0dd9e895724d,speckled.co,premium,116,116,high,low,8,namesilo,,,14/08/2026 16:34
5b9b085a-fa3b-4b97-b569-f9f0787ab39d,playacting.co,premium,130,130,high,low,10,namecheap,,,
f9ae7aa2-4b82-402b-93b7-cd01dc8751df,wriggling.co,premium,116,116,high,low,9,namesilo,,,13/09/2026 13:41
1a450285-cd8e-4d40-830e-10be4972ca6a,terrifying.co,premium,116,116,high,low,10,namesilo,,,
6b0b17a5-221c-43a9-adb2-9f14cf9a2ad3,madonnamania.co,available,,,medium,low,12,,,,
0ef5b28d-3b8e-48c2-8424-03d26bdd9854,waltzes.co,available,,,high,low,7,,,,
ae19cacc-f15b-442f-970a-1c76a794f9ff,miniver.co,available,,,high,high,7,,,,
fe2e475a-1a17-4486-9f78-2475a7016b3a,goodie.co,resell,,,high,high,6,1API GmbH,22/06/2011 08:50,21/06/2026 23:59,
3180dda6-cc3f-4994-b305-da6435591281,mousehood.co,available,,,high,high,9,,,,
77a7e364-978e-42b3-a564-cc0e28662e0d,courthouse.co,available,,,high,high,10,,,,
8d0732b1-b56c-4d62-9e34-48e74cfbcba1,ego.co,resell,11498.85,36.4,high,low,3,"GoDaddy.com, LLC",21/07/2010 21:38,20/07/2027 23:59,
4ebdc9c6-f890-4d59-bc0f-318759bbe0be,wealthier.co,available,,,high,low,9,,,,
22ce3cfd-eb03-494e-8842-6fc741664c42,whissendine.co,available,,,high,high,11,,,,
f2a33779-f20e-4187-8b0b-69384f9be71b,cowslip.co,available,,,high,high,7,,,,
920ef5f6-5e2f-4dd3-941c-66729b58b8c4,dingey.co,available,,,high,high,6,,,,
0aed652d-acf8-4266-aa35-5cdb10c8314e,seawalls.co,available,,,high,low,8,,,,
04105bec-347d-44d6-8eeb-30d60f980b76,goodness.co,resell,,,high,high,8,Dynadot Inc,05/10/2022 17:00,05/10/2026 17:00,
ec5432c6-92ab-4b8c-8489-7a70959f82e5,publication.co,resell,,,high,low,11,"Network Solutions, LLC",09/11/2016 18:03,08/11/2027 23:59,
85719493-4e9d-440b-bb2b-8ea62f5b265d,fortunes.co,resell,,,high,medium,8,Dynadot Inc,21/01/2017 18:04,20/01/2026 23:59,
9e4590be-db07-46af-bb34-1833ade35b0e,visited.co,resell,,,high,low,7,1API GmbH,19/10/2015 08:36,18/10/2026 23:59,
fd34ba47-0117-46ec-af86-fe777c3d666f,declaim.co,available,,,high,high,7,,,,
95b7a12b-748f-4a43-bffe-20595774f452,practicing.co,premium,116,116,high,low,10,namesilo,,,
4c9cd113-be11-4cf9-b9c9-6cc05de37c29,throughway.co,available,,,high,high,10,,,,
2426fa86-7d13-440c-bd05-bc50065f7f98,categorise.co,available,,,high,high,10,,,,
9b0575e2-e08c-470e-8112-64f0e8eed4a7,escalate.co,resell,,,high,high,8,GrepApps Technology Inc.,04/10/2024 17:00,04/10/2025 17:00,
2c19088d-4f86-4db9-9e42-f8cafe0402ae,praised.co,available,,,high,low,7,,,,
1f535357-a91b-453d-b231-70bfe743e186,plowwoman.co,available,,,high,high,9,,,,
7eb3e713-0076-4431-aef2-5a5ad423ca4d,popularised.co,available,,,high,low,11,,,,
edd61750-c635-4267-a3ef-a08c26676740,seigneurs.co,available,,,medium,low,9,,,,
1402d228-67eb-4969-add4-61067f6decee,entertained.co,available,,,high,low,11,,,,
8733c2df-3caa-4a1a-ae5d-ffb0fed98cf8,preferred.co,resell,,,high,high,9,Epik LLC,11/11/2016 18:04,10/11/2025 23:59,
42d09180-c8f4-45bc-9dcd-a0a941cc653a,dozens.co,resell,,,high,high,6,"GoDaddy.com, LLC",29/11/2018 03:04,29/11/2025 03:04,
ea3f3ea9-f9a2-43c2-93c4-f73d7fb1761f,comprehension.co,resell,,,high,high,13,"NameCheap, Inc.",19/06/2023 01:26,19/06/2027 23:59,24/09/2026 07:57
a9955151-461b-4ad3-9061-e85b63966987,extenuation.co,available,,,high,low,11,,,,
bfec4000-919b-4ca7-a3f3-acd7294748b0,jetports.co,available,,,medium,low,8,,,,
2082c548-502a-4fef-96d7-704d52d33cd1,sloggorne.co,available,,,high,high,9,,,,
8e268195-d177-4a2e-86e3-2ebeacdab713,trampled.co,available,,,high,high,8,,,,
58c193ae-705c-4244-8317-8ead27155197,dushanbe.co,available,,,high,high,8,,,,
0bc9c336-1be5-4452-9213-3d95221eaae8,undisturbing.co,available,,,high,high,12,,,,
d398ce0d-a2bc-4442-b03b-dbe440fea277,grinning.co,premium,116,116,high,low,8,namesilo,,,
a4b45523-7227-4922-8d40-47b4524079e2,beastmistress.co,available,,,high,high,13,,,,
a68bc9ba-ccff-40f1-954e-946aaf8c27d6,marston.co,available,,,high,high,7,,,,
f72c5ebd-b325-487e-a1d1-cec1946ccf4a,threadfin.co,available,,,high,high,9,,,,
bda61d1c-fbb3-4f52-b19a-16d17fe9d8c8,minimum.co,resell,,,high,low,7,"GoDaddy.com, LLC",20/07/2010 18:10,19/07/2027 23:59,19/09/2026 13:46
005579d2-b625-49ea-b813-81b8f32fc68a,outran.co,available,,,high,high,6,,,,
d5045ad0-a7b8-4b80-a4fd-21faaa100dad,colourize.co,available,3.99,38.99,medium,low,9,namesilo,,,12/08/2026 17:40
29ec69bc-5a8d-4a8f-9d54-83c9d4452806,dichotomic.co,available,,,high,high,10,,,,
274effda-3fb1-4b92-9b2e-b1165377ea6f,harmoniumist.co,available,,,high,high,12,,,,
9df522cd-a640-443f-9dc0-3519241165f7,desalinisation.co,available,,,medium,low,14,,,,
5050f28e-ae22-4537-84ba-5c5135653ab3,sighters.co,available,,,medium,low,8,,,,
2f995496-7fe8-4edb-9682-605304cd9c3c,wafer.co,resell,,,high,high,5,1API GmbH,29/11/2013 12:45,28/11/2025 23:59,
d1edb4a6-6a26-4987-a266-adf76a2af716,motorheads.co,available,,,medium,low,10,,,,
0400600f-3114-4db2-a859-e74599a44717,apolitically.co,available,,,high,high,12,,,,
70763b15-41d8-427d-a28c-ac95e946eaa0,europeanisation.co,available,,,high,low,15,,,,
da57ea0c-de2b-4c67-a112-5da95b384a8a,carragheen.co,available,,,high,high,10,,,,
1f4ae3fe-8e62-482d-bf93-c466da574934,catchability.co,available,,,high,high,12,,,,
c93179df-81df-432d-aa89-cf1397456998,demodulate.co,available,,,high,high,10,,,,
60cecc49-109f-49f3-830c-60845ab44e28,impending.co,premium,130,130,high,low,9,namecheap,,,21/08/2026 20:59
b3145d0a-2b77-4e70-be40-55d569623a2c,carports.co,resell,,,high,low,8,Dynadot Inc,13/08/2016 18:01,12/08/2027 23:59,20/09/2026 19:38
939ff279-eef6-4e93-b826-43da54549aac,heartiest.co,available,,,medium,low,9,,,,
62c787e0-4290-451f-9748-854fbd9c9719,rollerskater.co,available,,,high,high,12,,,,
8400fe5b-72bf-4375-a8e7-5ee85b7d3759,piratical.co,premium,130,130,high,medium,9,namecheap,,,08/09/2026 19:58
28fd6a38-8c23-4356-8ec4-ce3cbcdd8889,emv.co,resell,,,high,high,3,"GoDaddy.com, LLC",05/04/2019 12:06,05/04/2026 12:06,
84a667bb-3922-408c-aab5-ad6510568720,readmit.co,available,,,high,high,7,,,,
880eb21c-16ad-47d8-9f03-1fbcf88f5d2c,abysmal.co,premium,302.5,302.5,high,low,7,namesilo,,,
55aa47ab-d43e-403d-ae4a-15b4d3c12181,wikispecies.co,available,,,high,high,11,,,,
5a528d01-6fe8-4203-8138-1b88149d0e2c,firs.co,resell,,,high,low,4,1API GmbH,10/11/2014 00:13,09/11/2025 23:59,
7595f429-889e-4f64-a1c6-df2aa7d2a7a7,antidiscrimination.co,available,,,high,low,18,,,,
65ba1085-694d-4350-9e03-1a5a581009cb,chronometer.co,available,,,high,high,11,,,,
31de3810-1b45-4dda-bab1-f9f65d3b4884,sociology.co,resell,,,high,high,9,"Spaceship, Inc.",16/09/2012 17:50,15/09/2025 23:59,
823a5b50-5171-4d50-b67f-2e541f208b69,stambul.co,available,,,high,high,7,,,,
99ebcc8f-104e-4599-91cc-0ec14aaed19f,strider.co,resell,,,high,high,7,"GoDaddy.com, LLC",28/05/2021 17:00,28/05/2026 17:00,
e38e83d8-134e-4e9a-98e4-6b0a05ce1eeb,reintroduce.co,available,,,high,high,12,,,,
cdbe90e8-936a-4a4a-b648-b222308a14c5,carolling.co,available,,,high,high,9,,,,
e1194b96-358f-4695-a063-d3e8359b0cd3,largehearted.co,available,,,high,high,12,,,,
c4089a89-5568-4eaf-8590-28fca00bc7c2,electrolytic.co,available,,,high,medium,12,,,,
865f3539-41d5-475c-a9fa-517f84fe95f6,lancet.co,resell,,,high,high,6,1API GmbH,30/03/2012 13:54,29/03/2026 23:59,
0fe25af7-e93b-4585-8663-cf5b57a7a7a5,cablegrams.co,available,,,medium,low,10,,,,
96fe2bcb-fd3e-439f-bc0d-cb11278ae492,intercreatively.co,available,,,high,high,15,,,,
0d50f41f-e3cd-49f0-9351-998d3f9727b1,repartee.co,available,,,high,high,8,,,,
49b621ee-cc8f-4994-af4e-2b1528642bbb,emegir.co,available,,,high,high,6,,,,
a7715491-ea73-4659-802e-8b728e347450,floral.co,resell,,,high,low,6,"GoDaddy.com, LLC",04/10/2020 17:01,04/10/2026 23:59,18/08/2026 08:54
3696c4e2-dca6-4dae-a430-7039e0e6479d,mowed.co,available,,,medium,low,5,,,,
e22e9c7f-9a6b-4ea0-8b04-31d75fc905f3,ritzy.co,resell,,,high,low,5,Porkbun,07/08/2020 17:00,07/08/2027 23:59,09/09/2026 18:04
04284f3c-ddef-41bc-b45e-552bf06ed29a,definable.co,premium,116,116,high,low,9,namesilo,,,13/08/2026 23:28
f23cf4c9-a95a-42a9-a793-3d8d4d8de3c4,demodulator.co,available,,,high,high,11,,,,
728a052f-86e5-4ead-9976-2cf03579fbaf,omlette.co,available,,,high,high,7,,,,
97bbba1a-7260-4379-8d16-2e5e6d99baff,fiery.co,resell,,,high,low,5,"Spaceship, Inc.",21/11/2014 18:42,20/11/2025 23:59,
46496997-4a82-45b7-95df-3eebe09f30b2,econocar.co,available,,,high,high,8,,,,
8b42c8e1-2691-4e3a-aff3-b7b35ec88fc1,railed.co,available,,,high,low,6,,,,
d4f0d070-1444-4683-8fd5-6aeec2d5fe99,tvb.co,available,,,high,high,3,,,,
5e979a0b-54a7-4741-9402-d97a2b0284c6,cohesively.co,available,,,high,high,10,,,,
ec746b57-e8d5-4b94-9000-f07b7ba60339,phwoar.co,available,,,high,high,6,,,,
855316bc-3263-4d44-b2d0-4f197c1160d0,restrengthens.co,available,,,low,low,13,,,,
8d0dcf07-73ef-4ba3-a4c3-0071d970d173,actinoid.co,premium,116,116,medium,low,8,namesilo,,,
21c82ca2-1b20-4843-ab87-8aae44e58543,uplay.co,available,,,high,medium,5,,,,
5fbb37e9-f094-49aa-bcff-60d18772d2d0,convection.co,available,,,high,high,10,,,,
26bb0677-3e05-451d-889c-c277d8508631,pepsin.co,available,,,high,high,6,,,,
69dc515e-a232-4130-a91a-045af38a1cd1,mollify.co,premium,302.5,302.5,high,low,7,namesilo,,,18/08/2026 22:10
b12149fa-ab3c-4c53-9708-b69413173add,throughcare.co,available,,,high,high,11,,,,
a91d51ab-f33d-477e-9ef6-d5c0d36c97eb,haired.co,premium,640,640,high,low,6,namesilo,,,20/08/2026 22:09
a3820411-bfc6-4fd5-aae6-f57172bab919,lactogen.co,available,,,high,high,8,,,,
5f212eb3-d8d6-4768-98ef-24aebd4f6684,burrow.co,resell,,,high,high,6,"GoDaddy.com, LLC",27/11/2012 22:30,26/11/2025 23:59,
cc137830-b84b-4f7d-919b-b901ad318609,anticlimactic.co,available,,,high,high,13,,,,
dd40b91e-4a68-47eb-9bd2-cbe26128a566,pretending.co,premium,116,116,high,low,10,namesilo,,,
1df9a903-9fcd-457e-be7a-5a971bb8f730,aesthetically.co,premium,130,130,high,high,13,namecheap,,,21/09/2026 13:07
92fc5795-6191-4f15-b7f3-c2df559bf48f,mentorship.co,resell,,,high,medium,10,"GoDaddy.com, LLC",25/03/2018 17:03,25/03/2026 17:03,
9c4bcb0a-cc29-444e-94db-cc43e1be56a1,quibbled.co,available,,,medium,low,8,,,,
589dd947-d057-4eca-8805-c2d367ed3976,laboring.co,premium,130,130,high,low,8,namecheap,,,14/08/2026 19:56
c9f4f03c-2f1b-4bf2-bbfc-a352370d9c07,tempestuous.co,available,,,high,high,11,,,,
5c4ae50d-3300-4def-96a8-068ca7079160,holographically.co,available,,,high,high,15,,,,
c167b3ef-f06b-4d7b-a108-9e60d59a77a6,spangled.co,premium,130,130,high,low,8,namecheap,,,18/08/2026 21:17
06499bae-dd4f-46cb-a0c0-bd26f4e0637b,mississaugan.co,available,,,high,high,12,,,,
a774a77b-08a4-4f88-8333-c8007576e002,wholesales.co,available,,,high,low,10,,,,
81f2a19b-5bc5-4f4d-9450-48988a0ec43e,steggles.co,available,,,high,high,8,,,,
18363c28-7f88-45e3-a3f7-967ad5f0d134,embodied.co,resell,,,high,low,8,"GoDaddy.com, LLC",03/06/2018 18:42,03/06/2027 23:59,16/08/2026 09:35
5966477a-a420-432c-b019-0adec4a2671d,bonding.co,resell,,,high,high,7,Dynadot Inc,10/11/2014 18:03,09/11/2025 23:59,
93a704b2-15dd-4ebf-a3e6-c283f8395949,booths.co,resell,,,high,low,6,InternetX GmbH,12/04/2019 18:26,12/04/2026 18:26,
ad9a34cd-0037-448e-a7b7-c6c0b4118f3d,ribless.co,premium,302.5,302.5,medium,low,7,namesilo,,,09/09/2026 17:15
62719d87-def3-4f1a-ae0f-e947522c82df,alvine.co,resell,,,medium,low,6,"Spaceship, Inc.",02/07/2025 01:17,02/07/2027 23:59,
09f6cd47-bdc2-4d63-8c4b-c8ed90142a8b,turnbuckles.co,available,,,medium,low,11,,,,
0473f42c-9613-4675-be08-c8637fb64ba4,dispositions.co,available,,,high,low,12,,,,
20d47882-15f9-4e84-ba2b-dd1717d4857a,embossed.co,premium,116,116,high,low,8,namesilo,,,11/08/2026 05:17
0f676fa5-81ca-4bf4-9628-5d7c9f7b1489,middlemost.co,available,19.49,38.99,medium,low,10,namesilo,,,24/08/2026 22:27
1cc15adc-6b26-4d9a-b150-4c71e9313b7b,revitalisation.co,available,,,high,low,14,,,,
5f34fab7-f332-4c99-aa87-a3088b714ef8,novoazovsk.co,available,,,high,high,10,,,,
45d15672-df49-4de1-8b55-987294fc9066,esb.co,resell,,,high,high,3,Dynadot Inc,13/08/2013 17:50,12/08/2027 23:59,20/09/2026 19:41
4c7607da-29eb-459e-a63a-0ed7e49a7c03,peasoupers.co,available,,,low,low,10,,,,
59835ad4-2ab0-46a1-a9fa-049238d7ea82,bake.co,resell,,,high,low,4,Dynadot Inc,29/08/2024 17:00,29/08/2027 23:59,22/09/2026 21:39
aeeabdf1-abb1-40ca-a552-674294854c43,navigation.co,resell,,,high,low,10,"GoDaddy.com, LLC",11/09/2012 19:42,10/09/2028 23:59,10/09/2026 00:36
5202788a-0c6a-47bf-a5c6-18519d6b6afa,cheeseburger.co,available,,,high,high,12,,,,
97c4b51f-995a-4b10-81de-d6c1011b0c9b,printmaker.co,available,,,high,medium,10,,,,
8e3b0123-d3de-44d3-a06d-f1101fcd5fec,clintonesque.co,available,,,high,high,12,,,,
2f5bfad6-8ad8-4adf-b9de-de6f11e4c79d,booties.co,available,,,medium,low,7,,,,
b0b747bc-d87f-4cbf-8f05-fc408fa69d39,framlingham.co,available,,,high,high,11,,,,
2cb87a11-3320-45fa-81bd-96bc2be126fc,ornateness.co,available,,,high,high,10,,,,
7438530d-6000-4528-8ae0-26e850bea0a5,crystallographer.co,available,,,high,high,16,,,,
f8074d07-9e7f-42d1-8eb9-83dd356fb6b7,heavens.co,resell,,,high,low,7,Dynadot Inc,19/09/2020 06:45,19/09/2027 23:59,16/08/2026 21:00
15fc5864-ce58-4d5f-832a-2c8c88275b1a,flattening.co,available,,,high,low,10,,,,
3b41df65-0ece-4e1c-b0ab-71ada367164f,barton.co,resell,,,high,high,6,"GoDaddy.com, LLC",30/10/2020 17:00,30/10/2025 17:00,
805f5181-59aa-49f5-913d-c232238bed5f,zeptogram.co,available,,,high,high,9,,,,
f80005e3-5168-4855-8734-2e39d52fa4e7,couldnt.co,available,,,high,high,7,,,,
dbd8836e-411e-40dd-9434-575b86cae021,jacketed.co,available,,,high,low,8,,,,
c76c52c9-761a-4b39-9c31-894b6a405422,officeholders.co,available,,,medium,low,13,,,,
e596dc0f-81cd-4868-8299-94aed841a831,concertise.co,available,,,high,high,10,,,,
87f4cd06-3673-4921-8d36-9a15c3c71d52,utterly.co,premium,302.5,302.5,high,low,7,namesilo,,,
61a6d332-c17c-4db7-be83-86bd4f021da5,usb.co,resell,,,high,high,3,InternetX GmbH,24/02/2010 22:36,23/02/2026 23:59,
543233ec-598f-4183-ac47-1cc7b96e52ee,carapace.co,resell,,,high,high,8,1API GmbH,10/08/2015 14:10,09/08/2025 23:59,
ec5798ba-7916-48b2-9be6-df055f6e1051,idyllically.co,available,,,high,high,11,,,,
c7538c5c-023a-4912-9e58-fb90d4922435,aunglan.co,available,,,high,high,7,,,,
ba6c91b3-197d-47ad-8f71-b593acfde68d,alphamosaic.co,available,,,high,high,11,,,,
3eb9a2d0-eddb-47c2-973d-a02f11326f6f,instate.co,premium,350,350,high,low,8,namecheap,,,
e81cc3ca-29de-4ea4-a84d-7bbf1368f9f4,pyrenean.co,available,,,high,high,8,,,,
6125756a-0748-4e2a-ac56-7212d02b8e48,diligence.co,resell,,,high,low,9,Dynadot Inc,31/03/2017 18:04,30/03/2027 23:59,
a0db068f-c89c-43b4-8327-6ebb3e11e499,griddlecakes.co,available,,,medium,low,12,,,,
3d8f241d-dfa3-42eb-b739-7072f382a4ba,eternity.co,resell,,,high,high,8,"GoDaddy.com, LLC",05/10/2023 17:00,05/10/2025 17:00,
693337df-904d-4412-b285-d2694c8d5790,acerbic.co,premium,302.5,302.5,medium,low,7,namesilo,,,
232c1204-7ea1-4ff4-bd42-45938ba9a4d2,apprising.co,available,,,high,high,9,,,,
08dab591-c5fa-47ac-84cb-9931786762f6,heartburn.co,resell,,,high,low,9,Epik LLC,09/09/2014 18:07,08/09/2026 23:59,
ab26d1b4-5e47-40e1-9d1b-7093b0425433,wistful.co,premium,302.5,302.5,high,low,7,namesilo,,,13/09/2026 12:45
cd32a7c5-15e6-4fbd-acd9-8b90443db3c4,bulletmaking.co,available,,,high,high,12,,,,
e275f5f9-2cc7-4913-9353-ae245674d0f6,overbought.co,available,,,high,high,10,,,,
19269631-f196-4066-8e59-e12f30cd61a0,relieves.co,available,,,high,low,8,,,,
84cdbe65-d39c-4f8a-93ad-8a1ac8258b5d,nicola.co,resell,,,high,high,6,"GoDaddy.com, LLC",21/09/2015 13:47,20/09/2026 23:59,
e9232013-dc3b-4c5e-8858-c8979db279c5,multiqueen.co,available,,,high,high,10,,,,
9b75174d-62e8-4bf9-a13f-92219f9a7fda,addressing.co,available,,,high,low,10,,,,
08f33752-c180-49eb-b31e-9b05dcc181f6,liturgistic.co,available,,,high,high,11,,,,
2db46eca-3341-41c0-b78f-b1874303fe71,restful.co,resell,,,high,low,7,"GoDaddy.com, LLC",14/01/2012 00:01,13/01/2027 23:59,09/09/2026 13:26
615ef311-2cf1-48ae-a1bb-3f30024f7eff,selfisolate.co,available,,,high,high,12,,,,
72e5ed9f-50ce-4f1e-a39d-2307d26d0872,selfloader.co,available,,,high,high,11,,,,
60426372-bc7b-477b-a269-033c6727f81f,friendmance.co,available,,,high,high,11,,,,
c424cdec-1696-4ac6-9fd3-60743521618a,irrationality.co,available,,,high,high,13,,,,
2a45023a-d97a-4136-9962-63119a3a6ab3,prepubescent.co,available,,,high,high,12,,,,
32c5cbe6-9011-4a91-9f2d-2cd407b21af4,alphabeticity.co,available,,,medium,low,13,,,,
91ffc6de-b857-4514-9f50-1e71a45d578f,indoaryan.co,available,3.99,38.99,high,low,10,namesilo,,,06/08/2026 23:56
792a783d-3c83-4a1c-9a29-cb11706313df,urchin.co,resell,,,high,high,6,Zhuimi Inc,04/10/2024 17:00,04/10/2025 17:00,
4bac7216-f922-4071-b590-c2416d2a3dc3,prayerfully.co,available,,,high,high,11,,,,
dc9cc99f-d91a-492e-a223-da74ae4940cd,lunisolar.co,premium,116,116,high,low,9,namesilo,,,24/08/2026 11:31
f318a57d-bde5-461f-bf5c-4f7a866b544c,abbatial.co,premium,116,116,medium,low,8,namesilo,,,
8bcc34c5-193d-4156-bcaf-460ac86f99d4,shrikes.co,available,,,medium,low,7,,,,
c645fa53-2e83-48b1-a2bf-c091db99b372,costate.co,premium,302.5,302.5,high,low,7,namesilo,,,13/08/2026 03:06
527a4331-e523-4fba-87bc-44e4cd176982,distress.co,resell,,,high,low,8,"GoDaddy.com, LLC",20/07/2010 18:11,19/07/2027 23:59,19/09/2026 13:26
8abfade4-1727-4da2-b1d8-47ed594f102f,midstorey.co,available,,,medium,low,9,,,,
4526950e-4cab-406e-b7b9-e86942f2a9f0,marsala.co,available,,,high,high,7,,,,
a0dc0d51-2951-4025-bc0b-bea147698d3b,kerbstones.co,available,,,medium,low,10,,,,
df9936ca-df9a-4c5f-8206-5d4fa44c87fa,serialization.co,available,,,high,high,13,,,,
b38b7bb4-fd62-4e25-a9a8-ab74211450f9,netnews.co,resell,,,high,medium,7,Cronon GmbH,17/09/2015 18:13,16/09/2025 23:59,
3654daf8-ef2a-4832-9744-6403eea045e2,articulationist.co,available,,,low,low,15,,,,
b9b54306-923d-4f4a-be0c-fdf0d5b8455b,improvised.co,premium,116,116,high,low,10,namesilo,,,21/08/2026 23:19
3430922a-052b-4d42-9fca-62304ae3d6fc,bylaw.co,available,,,high,high,5,,,,
30cfa3c8-275c-493b-a1f0-6398650dd6f1,uplifting.co,resell,,,high,high,9,"Spaceship, Inc.",28/03/2016 01:10,27/03/2026 23:59,
60ce264c-5f0c-43f2-9a51-9c3f9d07be9a,polysyllabic.co,available,,,high,high,12,,,,
c969f367-6cf1-428c-a381-1a823e08b5b8,governess.co,available,,,high,high,9,,,,
3fb0a47b-4f8d-48b1-9955-1cc0f8ca4f4d,landowning.co,available,,,high,high,10,,,,
8ce4f7a4-c966-4b62-a279-9dc56b3c4f3c,disposer.co,available,,,high,high,8,,,,
77d15f36-ab62-4b88-b9bd-d3d36c2959e8,transposal.co,available,,,high,low,10,,,,
42c1824a-6c72-4ba3-a6a2-346565a0fe3b,inconclusive.co,available,,,high,high,12,,,,
b989efc8-66d2-4665-beef-2cf90aeb4f58,gdp.co,resell,,,high,high,3,InternetX GmbH,25/02/2010 00:56,24/02/2026 23:59,
a937c3ca-4c69-4f3f-a508-f044ff9f34f7,whicham.co,available,,,high,high,7,,,,
ffe08ce4-b474-4718-9658-21a00d9f9369,cornhusker.co,available,,,high,high,10,,,,
d2450190-57bd-4f66-a38e-24c476d49a08,aftershow.co,available,,,high,medium,9,,,,
7a3ec694-7ec6-4d9b-9d68-8e74618c8b53,safemaking.co,available,,,high,low,10,,,,
74afd8a0-6b59-4631-92af-b195d4bbea16,parochial.co,premium,116,116,high,low,9,namesilo,,,08/09/2026 01:46
8c2c3e5e-dd69-4d07-99eb-e1b18d577e5f,likeworthy.co,available,,,high,low,10,,,,
56df098e-4e7e-4271-b2a7-6995b9174821,orthodontistry.co,available,,,low,low,14,,,,
af884d5c-a5b5-40b8-820e-6189071a22e2,sulphurate.co,available,,,high,high,10,,,,
784fb9d0-fdf4-436b-898f-d5e289b432f1,dynel.co,available,,,high,high,5,,,,
dfe780b6-19c6-49e2-94cb-43fb83ce30e2,glassblown.co,available,,,high,high,10,,,,
21bb1780-49b5-4159-b666-a98f69f9fe17,ataturkism.co,available,,,high,high,10,,,,
18088a4a-88c9-4eb3-a8ed-879dc8bb6f9a,europhilia.co,available,,,medium,low,10,,,,
2d8efdf3-7815-4971-856f-b1ca5b2505b7,eggstravaganza.co,available,,,high,high,14,,,,
3aa192cc-e1bf-4f38-9c99-1cd23bc47dd5,nicol.co,available,,,high,high,5,,,,
92637a75-41d7-412a-ac38-6e81d686711f,mondegreen.co,resell,,,high,high,10,Dynadot Inc,14/03/2025 17:00,14/03/2026 17:00,
0445d635-0a00-4c24-9cb3-158fdc1ddca7,jazziest.co,available,,,medium,low,8,,,,
51f498c8-2382-4782-bc3a-5920bb5476f0,zimbabwean.co,available,7.98,45.48,high,low,10,namecheap,,,13/09/2026 15:19
a3dc7091-319e-4371-ad15-cfaa24c9d0c5,affiliated.co,resell,,,high,low,10,"NameCheap, Inc.",27/02/2016 20:10,26/02/2026 23:59,
691c4762-eca5-4b28-94ec-7c3eeaa61277,reflected.co,premium,116,116,high,medium,9,namesilo,,,09/09/2026 12:37
393762c3-f3ef-4a20-8717-71f80f1cc6c8,reradiate.co,available,,,high,high,9,,,,
5a9dcc0a-70cb-437c-a8b9-187db5f699fa,colourants.co,available,,,medium,low,10,,,,
ea0d9700-6699-4e8f-8fe2-1ff7c5be4105,atherstone.co,available,,,high,high,10,,,,
e40e74a2-bd9b-4bc6-88e0-08a2a1157467,inaugurate.co,available,,,high,high,10,,,,
8dcec30f-a577-4414-a95c-428b8b3c3152,histogram.co,available,,,high,high,9,,,,
efbe9a5c-50f0-4bf0-b0c0-64106ebef6f4,schoolchild.co,available,,,high,high,11,,,,
2be035c1-0ed2-4fe1-92da-b831edd1cfd1,orientate.co,available,,,high,high,9,,,,
4f24fd2d-24d6-4b5a-afa8-11eb595626bc,megastardom.co,available,,,high,low,11,,,,
3d8829fa-c53d-420e-8d63-39aabd6562ff,bvi.co,resell,,,high,high,3,1API GmbH,26/09/2014 20:39,25/09/2025 23:59,
54c7e505-4a3a-4f26-abd8-5a77230b13db,softwire.co,available,,,high,high,8,,,,
888e69fc-b2fc-4a3e-83be-8985a94bdb36,neckwear.co,available,,,high,high,8,,,,
84051120-72c1-469c-a3fe-807a43a40fab,palletise.co,available,,,high,high,9,,,,
ae152bf6-def1-4147-b04f-af434fc55bb5,dmca.co,resell,,,high,high,4,1API GmbH,16/02/2018 16:46,16/02/2026 16:46,
f73e3b3a-9a93-489d-a9c4-54b189ffc8ed,channelization.co,available,,,high,high,14,,,,
1c2860a3-e3c8-4eea-8c3d-017ce0c514ed,goyet.co,available,,,high,high,5,,,,
f829d4bb-bd48-4b79-b189-85c2471caa89,potatoey.co,available,,,high,high,8,,,,
de67c6d4-7e45-450f-b475-9054ffdb1a97,heartstring.co,available,,,high,high,11,,,,
74fad2f4-d61a-4b31-aca1-a269827a177a,costanoans.co,available,,,medium,low,10,,,,
e22a655e-fca7-4576-9ea8-dc57ed2b9a78,restaurateur.co,available,,,high,high,12,,,,
52330d34-d093-4473-894f-eff0a0d78f6a,azo.co,resell,,,high,low,3,"GoDaddy.com, LLC",20/07/2010 18:00,19/07/2027 23:59,08/08/2026 02:17
2b352b55-9605-49b8-b572-0c254cca896e,anodise.co,available,,,high,high,7,,,,
16c3d926-b00e-42f5-aefc-10078978244d,stiletto.co,resell,,,high,high,8,Dynadot Inc,08/11/2015 18:13,07/11/2025 23:59,
db868027-2bbe-42eb-aa16-134a90a96914,rascal.co,resell,,,high,high,6,"GoDaddy.com, LLC",02/04/2013 08:51,01/04/2026 23:59,
cf4a9622-7e9d-4715-b80c-bcd1ea4c1d7e,washrags.co,available,,,medium,low,8,,,,
d8b35b6e-5099-4342-865f-fe293a266ef6,commodes.co,available,,,medium,low,8,,,,
f6bb1c29-65e6-4198-9769-c9fd2b27356e,speciality.co,resell,,,high,low,10,"GoDaddy.com, LLC",20/07/2010 18:11,19/07/2027 23:59,18/08/2026 12:32
1fa0eb85-30e8-4287-948d-824ae986f326,countrymen.co,available,,,high,low,10,,,,
2059a46a-4cd6-483c-a9f7-c8df64284818,toxicology.co,available,,,high,high,10,,,,
d2d68bd6-61b3-4832-81f8-cb8da19bc0a2,gulls.co,available,,,high,medium,5,,,,
89b0273e-9c66-464d-87e1-03876ba04a1e,magnetically.co,available,,,high,low,12,,,,
79117084-b432-4081-8361-69a691349f47,glassblowers.co,available,,,medium,low,12,,,,
dfa42e87-2d80-4971-b091-ff20405f51e7,federalisation.co,available,,,medium,low,14,,,,
ebc9b404-b17e-488c-982b-a34cbabe28c2,harking.co,available,,,high,high,7,,,,
189239ec-4164-4ca7-8ea1-6995bc5ae701,reevaluation.co,available,,,high,low,13,,,,
8043ecea-2b0b-431d-a6e7-2eabb214f91c,chucking.co,available,,,high,high,8,,,,
6a1835a1-35db-44d9-8c7d-e31f67f3a007,connersville.co,available,,,high,high,12,,,,
316e082d-605c-4b83-8d4a-cd8ccee0c780,gosforth.co,available,,,high,high,8,,,,
032078f1-9481-4085-8bba-c4fba7667e35,oscillating.co,available,,,high,high,11,,,,
d70ef659-dd8b-499c-91a7-04ee6c3c7749,ssi.co,resell,,,high,low,3,"GoDaddy.com, LLC",03/04/2019 09:20,03/04/2027 23:59,
3dd16ae2-615e-4c85-9c89-5c3a16c2363c,servicing.co,resell,,,high,high,9,Epik LLC,08/03/2018 19:14,08/03/2026 19:14,
79c57fdc-f90c-4bdc-9c56-7862b83789d5,hematinic.co,available,,,high,high,9,,,,
30dd9b00-1299-4fdf-98c6-6452af4dfbfa,phone.co,resell,,,high,low,5,Hello Internet Corp.,25/02/2010 00:34,24/02/2027 23:59,
d9e9a964-4d5d-4c45-b001-3f4ce5ca4eaa,exsmoker.co,available,,,high,high,9,,,,
3a7d7305-9c94-436d-bee2-d22d4baad514,worst.co,resell,,,high,low,5,"NameCheap, Inc.",19/09/2016 02:13,18/09/2026 23:59,
8cb12773-3beb-49b3-aa6e-0ca59cf6f4be,dawning.co,resell,,,high,low,7,"GoDaddy.com, LLC",25/05/2017 13:25,24/05/2027 23:59,11/09/2026 02:03
8c81b671-99c3-4d4f-a87f-ecb35ecf534c,reemphasize.co,available,,,high,high,11,,,,
e129e7e4-e479-4b37-bb6e-df4b3aacf9a6,cbirs.co,available,,,high,high,5,,,,
aeba4d6f-2751-48d4-97f5-63f70b38ba11,chickenhouses.co,available,,,low,low,13,,,,
8c17928d-6cbd-459e-9186-1f125f941812,sorbets.co,available,,,high,low,7,,,,
984cb929-16c6-4c43-bb5f-a63411dd1d7e,mouseprint.co,available,,,high,high,10,,,,
ad20550a-3b74-45cb-b7ae-d18b50bedf98,gambelia.co,available,,,high,high,8,,,,
cc87e046-0d48-4351-bde8-8ee822ec26ee,springingly.co,available,,,high,high,11,,,,
6e823e54-1b07-4489-a563-cda901e6b2c1,vanern.co,available,,,high,high,6,,,,
e8f595ab-8479-48f1-b20b-e98a6e565b53,funnelling.co,available,,,high,high,10,,,,
cb7ec5aa-8981-4c99-9a54-bad7e623a3da,drywalled.co,available,,,medium,low,9,,,,
cfeb9a0f-6a32-4418-9168-1c1f6f4415fb,summerish.co,available,,,high,high,9,,,,
94277f47-a888-4aff-a86f-aa7644bc2b76,aspirant.co,resell,,,high,low,8,"Spaceship, Inc.",11/11/2011 14:53,10/11/2026 23:59,07/08/2026 05:02
f7d13a93-29a9-425d-871e-7d7e667de0a7,fixes.co,resell,,,high,low,5,InternetX GmbH,16/04/2014 18:03,15/04/2026 23:59,
61d07d15-af7b-423a-8812-5645ee7e4485,sportingness.co,available,,,low,low,12,,,,
a458b6be-0674-4e05-bb07-5469a57eb329,exuviate.co,available,,,high,high,8,,,,
05463a37-e09d-4f5e-a604-37b72c3735c7,handsomeness.co,available,,,high,high,12,,,,
28102bcb-69e1-436f-b8e8-5c847021e0a2,owlets.co,available,,,medium,low,6,,,,
bdadaa41-1065-4002-a8b7-4cefc4ac2d46,midspinal.co,available,,,medium,low,9,,,,
06fdcd6b-1fbf-4869-84e8-aebbb6a414ba,nature.co,resell,,,high,low,6,"GoDaddy.com, LLC",22/04/2010 17:06,21/04/2027 23:59,08/09/2026 02:43
171108d3-1ff1-4a44-a5a9-858f356e5b06,marriageableness.co,available,,,high,high,16,,,,
a4aeb061-9aab-41c5-944c-d8d90a474152,runoffs.co,available,,,high,low,7,,,,
36211271-151a-40d9-a45c-34346099a111,goretzke.co,available,,,high,high,8,,,,
c1e03312-b85d-4bb7-a85f-b8a71286d9c8,secularization.co,available,,,high,low,14,,,,
137f028b-8e65-477a-8d33-4a5ea7bb225a,sensitiveness.co,available,,,high,high,13,,,,
e6e2556b-1e2f-4a3c-a335-871483b0b254,gloucester.co,available,,,high,high,10,,,,
e8a9a265-841c-4b3e-91f8-ed10d9ee8d90,henotic.co,available,,,high,high,7,,,,
5734d281-b68a-4787-8f1b-d00333fc9123,bbq.co,resell,,,high,high,3,Hello Internet Corp.,24/02/2010 23:04,23/02/2026 23:59,
c7596328-e5e1-4a87-8a76-52271f850ecf,baseballese.co,available,,,high,low,11,,,,
4a4216d8-d6f4-4ccd-83f5-32f7a0293cb9,temper.co,resell,,,high,high,6,Above.com Pty Ltd.,21/07/2010 13:27,20/07/2027 23:59,19/09/2026 15:44
471cdfa9-e15e-4564-8d92-692be33cea9d,brittany.co,resell,,,high,high,8,InternetX GmbH,30/11/2017 17:00,30/11/2025 17:00,
365115b6-e000-4c46-aa3e-b908be8e62f5,gamifying.co,available,,,medium,low,9,,,,
0b965248-ee37-4ec7-97c8-496bfcbee429,abie.co,available,,,high,high,4,,,,
edef046e-be1d-48e2-a5bd-aa08485da0d6,gland.co,available,,,high,high,5,,,,
4b0489d3-22d3-404f-bf90-0076853ab831,inheritor.co,available,,,high,high,9,,,,
429469f7-9087-4b59-a164-3ccfa3edb420,serve.co,resell,,,high,low,5,Dynadot Inc,01/09/2018 09:00,01/09/2029 23:59,23/09/2026 23:00
3f0fc0a0-e940-4a30-8806-1440e259029c,inure.co,available,,,high,high,5,,,,
fc55a3e8-1722-40d3-8b1e-070d812f718b,coaxed.co,available,,,medium,low,6,,,,
23080c6a-0584-44f6-8836-428919f82603,sadness.co,premium,302.5,302.5,high,low,7,namesilo,,,
f8aae4ce-35ec-441a-aaa6-03fcdcbe41bd,triangle.co,resell,,,high,low,8,"GoDaddy.com, LLC",05/10/2020 17:00,05/10/2026 23:59,
20a3b52e-94f6-4967-a67c-d1df84bab184,tingling.co,premium,116,116,high,low,8,namesilo,,,11/09/2026 15:29
6330df57-a5d1-4a5f-a3d0-e2035078ffc7,backlit.co,available,,,high,high,7,,,,
01206701-3f6e-4e34-8b12-2fcdd3c488c3,polymerization.co,available,,,high,low,14,,,,
01fe48e0-9653-4657-824f-e6e742557d56,amphiesmenopteran.co,available,,,high,high,17,,,,
0877848b-c5e7-4e4c-ab24-e41adbeccfd3,segmentation.co,available,,,high,low,12,,,,
0760db6d-fdaa-4162-a23b-054ff7656343,filler.co,resell,,,high,high,6,"GoDaddy.com, LLC",09/02/2016 19:04,08/02/2026 23:59,
c10c74d8-b2e6-4a98-9837-b2ee1e942513,penlite.co,available,,,high,high,7,,,,
25758b83-4d5b-48a0-8ba5-b9ef511d6515,cleo.co,resell,,,high,high,4,Sav.com LLC,19/09/2012 19:00,18/09/2025 23:59,
adc0b074-289c-4585-af34-66c3a1039361,inforce.co,available,,,high,high,8,,,,
83ebf0a2-8dcb-4212-8b19-04067275d8ee,digitizing.co,resell,,,high,medium,10,InternetX GmbH,28/08/2015 18:02,27/08/2025 23:59,
9e62e09c-4159-494a-bab4-b77f11893a56,attraction.co,resell,,,high,low,10,Dynadot Inc,20/07/2010 18:02,19/07/2027 23:59,
9e75b5b7-01b0-42e5-b70f-cc87240eeeab,lamorte.co,available,,,high,high,7,,,,
db089ee0-7898-47e6-9dff-e42a681d1d7d,bouillabaisse.co,available,,,high,low,13,,,,
c8014637-7204-432a-9cf3-ccca7014e69c,wielded.co,available,,,medium,low,7,,,,
9efd7e55-ad4c-49dd-9161-51326d5d4465,naturalised.co,available,,,high,low,11,,,,
d485798e-5672-4904-8351-d7dfe6de582c,sweating.co,resell,,,high,high,8,"Spaceship, Inc.",01/12/2012 15:04,30/11/2025 23:59,
4b9fea32-8f3a-4152-942a-03a4b6d47496,farmward.co,available,,,high,low,8,,,,
6ef393ef-b918-4e81-9e78-1ce4f9c5081d,barbershops.co,available,,,high,medium,11,,,,
91e7464d-cf9d-46b7-9605-de7c0934a5d3,picturesquely.co,available,,,high,high,13,,,,
197bfd0a-2d17-4efa-b854-55a43dbf38f1,rums.co,resell,,,high,low,4,"NameCheap, Inc.",20/07/2010 18:23,19/07/2027 23:59,19/09/2026 13:59
4d46b968-7e3d-4d76-a0eb-f920eb5c57da,commingling.co,available,,,high,high,11,,,,
67fff93b-30d7-4eb4-861f-029cd16d1eb9,danger.co,resell,,,high,low,6,"GoDaddy.com, LLC",20/07/2010 18:01,19/07/2029 23:59,
704f515d-2161-48f5-bb36-d8f0faef6334,kinqu.co,available,,,high,high,5,,,,
e03d7c63-12a8-458d-a8b9-9cc60f42b107,reducible.co,premium,116,116,high,medium,9,namesilo,,,09/09/2026 12:24
7ed63e65-7bfb-4797-ae74-44206d932f21,footlockers.co,available,,,medium,low,11,,,,
23714fbd-3097-4a2a-868a-affba8055ed2,idiomatically.co,available,,,high,high,13,,,,
f23e49d0-aa4e-4b6c-aef0-000892fbf773,naturalizing.co,available,,,high,low,12,,,,
8945b6ef-3650-4664-9b7e-bf3f5280ca07,stannington.co,available,,,high,high,11,,,,
67a8fba9-f361-4268-8457-406363cb5439,tristed.co,available,,,high,low,7,,,,
e06c2cab-b1e5-4c05-905f-b7ac54e75ae3,scarabs.co,available,,,high,low,7,,,,
71a75b1d-2a42-44bf-8200-332e068f6808,attendees.co,available,,,high,low,9,,,,
b19acb2a-0374-4b84-8834-0ddcab4ae436,treaty.co,resell,,,high,high,6,Above.com Pty Ltd.,22/07/2010 05:42,21/07/2027 23:59,19/09/2026 17:09
8b42c816-2f65-4666-9a43-8a9dfdb17d93,contrazy.co,available,,,high,high,8,,,,
dd6847b8-6ba3-4582-881b-d224fb3ff5e6,hungered.co,available,,,high,high,8,,,,
59dc818f-a5fa-44e0-98d0-f33b8a8997b3,closely.co,premium,640,640,high,low,7,namesilo,,,
034623df-0c38-4fda-82ea-a4016f4000e9,multiprocessor.co,available,,,high,high,14,,,,
086bd778-3e6d-4940-8162-48e726a24eeb,retinals.co,available,,,medium,low,8,,,,
9a120955-ff8a-465a-8aee-688125b15bc2,dispassionately.co,available,,,high,high,15,,,,
f059a3f3-e9ea-4216-a7b2-70eac5cbf624,proudly.co,resell,,,high,high,7,"GoDaddy.com, LLC",26/11/2017 04:18,26/11/2025 04:18,
6b0c6d55-e3c9-4096-b4c4-40fdcc8ddb19,reissue.co,available,,,high,high,7,,,,
bfb2a390-8e8e-4157-8113-5b2a903848c4,psychologylike.co,available,,,high,high,14,,,,
fc503bbe-5d50-49b3-930a-e82b5b5a7369,compete.co,resell,,,high,low,7,Dynadot Inc,26/08/2010 19:04,25/08/2027 23:59,22/09/2026 12:49
b5590bdf-06c2-4ec4-a013-3639f2a9cfbe,bullpens.co,available,,,medium,low,8,,,,
f49b57b1-a502-472f-886a-101c26a6212a,abstained.co,available,,,medium,low,9,,,,
4ff035f3-afd9-4748-9899-be833d3f3c53,veneration.co,available,,,high,high,10,,,,
a5eadb1e-412f-4aa7-9c04-2c5887009c7e,inextricably.co,available,,,high,high,12,,,,
7475c340-cf1b-4cc8-9a42-1430761f4fe0,castillo.co,resell,,,high,high,8,GoDaddy Online Services Cayman Islands Ltd.,22/02/2018 18:05,22/02/2026 18:05,
ebcdd6db-24d9-43b4-a205-2d86b25105b3,contemporarily.co,available,,,high,high,14,,,,
9083174a-3cd8-419c-84ab-2290bf805618,acrid.co,premium,1107,1107,medium,low,5,namesilo,,,
873fc698-13e6-4b08-a05d-6163c2e430d7,naypyidaw.co,available,,,high,high,9,,,,
6541ea64-ac58-4f5b-9089-8dac71aa5826,referral.co,resell,,,high,high,8,"GoDaddy.com, LLC",31/08/2010 18:24,30/08/2025 23:59,
eaface93-d00e-4c8c-b871-561415b7c1a0,ridgepole.co,available,,,high,high,9,,,,
03a8337c-d59a-493a-a4c0-685045d85979,adviseable.co,available,11.99,33.99,high,low,10,namesilo,,,
31106b13-0f47-42da-a347-e8c7c635f70c,vod.co,resell,,,high,medium,3,Hello Internet Corp.,24/02/2010 23:13,23/02/2026 23:59,
bc726f5d-eb50-43e9-b1f6-ad241e37da2d,rang.co,resell,,,high,low,4,Dynadot Inc,28/08/2017 18:01,27/08/2027 23:59,
8b38980c-c242-430d-b750-481c3def7362,prefrosh.co,available,,,medium,low,8,,,,
0e6dabc6-8d54-4b28-9a73-95cd46b8ac3b,inwardly.co,premium,116,116,high,low,8,namesilo,,,15/09/2026 09:18
eed4e65e-14c0-4dc7-abab-23dbf8b2a5fe,discerning.co,premium,116,116,high,low,10,namesilo,,,06/08/2026 08:23
969d0b8e-1b99-4ba7-bbd5-8f9cdc4fa7ab,grapple.co,resell,,,high,high,7,Porkbun,25/03/2024 19:18,25/03/2026 19:18,
7b3a4cfb-e52e-4f41-82e3-88b17085b6ff,speedometer.co,resell,,,high,high,11,"NameCheap, Inc.",30/11/2021 06:32,30/11/2025 06:32,
61acf819-e714-4815-840b-1cc7b414dd36,compromising.co,available,,,high,medium,12,,,,
e03d9091-0818-4d08-8870-0e90a31599af,romaic.co,available,7.98,45.48,high,low,6,namecheap,,,09/09/2026 18:25
6315b6ea-3cc4-4ce6-89f7-cb4e192c3787,judaea.co,available,,,high,high,6,,,,
6aae886a-7a7f-4d05-bff7-4af3f1049dd7,travelling.co,resell,,,high,low,10,Porkbun,20/07/2010 17:59,19/07/2028 23:59,
3f41e6f5-cdee-45c9-8e7b-1eefb18767e3,leaseholds.co,available,,,medium,low,10,,,,
9ec58667-69d8-4d62-929c-658d5384dc59,weatherwoman.co,available,,,high,high,12,,,,
6e349907-67e4-4563-8a8f-26c6c704f426,elevated.co,resell,,,high,low,8,"GoDaddy.com, LLC",15/10/2019 17:01,15/10/2026 23:59,16/08/2026 03:35
604c08d7-dfe8-48bf-8380-b1f25b9437e5,railwoman.co,available,,,high,high,9,,,,
a2636a11-e296-4f9d-934f-a49209200833,islamic.co,resell,,,high,low,7,Dynadot Inc,23/03/2019 12:30,23/03/2027 23:59,22/08/2026 10:50
7c0fe45c-75b1-4872-938c-1abbb17ffdba,rhythmically.co,available,,,high,high,12,,,,
22e2cbc2-2bca-4f0d-9bdc-f4f1ec6868b4,photoportrait.co,available,,,medium,low,14,,,,
15e2cec3-759f-4cbd-b295-88241fdce57e,chianti.co,resell,,,high,high,7,Hello Internet Corp.,20/07/2010 18:00,19/07/2027 23:59,24/09/2026 07:42
87c301d5-1b57-4876-a1fc-ed4aa780496c,boarded.co,premium,302.5,302.5,high,low,7,namesilo,,,
9406fefd-aed0-4fcf-b4be-5b6a9e6e0730,pastoral.co,resell,,,high,low,8,Dynadot Inc,06/12/2020 20:05,06/12/2026 23:59,06/08/2026 14:20
80ef7837-2405-43e5-81f2-1d40a0d181ec,estheticism.co,available,,,high,high,11,,,,
49d73afc-81cd-4297-a16e-d1fb0d2ec628,wakes.co,available,,,high,low,5,,,,
c94f7df1-94fc-4353-beac-081906bd3719,constructed.co,available,,,high,high,11,,,,
e64b08ea-48bb-4a4e-b87d-9dfa81bc4f38,appointing.co,available,,,medium,low,10,,,,
dae22401-0a23-4cc2-b13f-cbfe6ec3c632,generates.co,premium,116,116,medium,low,9,namesilo,,,08/09/2026 05:16
774c1e4b-0730-4282-bf4c-4e73927aa0aa,greasepaint.co,available,,,high,low,11,,,,
349a8b23-0a44-4820-b86f-4f60934bd488,reabsorption.co,available,,,high,high,12,,,,
420a2a1f-2fe1-491a-84bb-ca9eda41bca6,journalistically.co,available,,,high,high,16,,,,
959dd2c2-79ba-49a8-90fc-467d8918a19e,ellick.co,available,,,high,high,6,,,,
ca497c1a-6470-41da-be18-d6bcdb609216,confluent.co,resell,,,high,low,9,"GoDaddy.com, LLC",24/01/2019 18:32,24/01/2027 23:59,12/08/2026 21:07
68170207-6031-4a39-bdfb-1ecc705d7024,elkesley.co,available,,,high,high,8,,,,
fa645857-fcb7-4e2b-af92-3cba4ae69d1b,dieselpunk.co,resell,,,high,low,10,Dominet (HK) Limited,03/07/2025 05:06,03/07/2026 05:06,
5e93b593-48f2-4670-be5b-208d14a33338,bridemaid.co,available,,,high,high,9,,,,
fa588f74-d063-44a7-ab7f-a891acce2aca,salivation.co,available,,,high,high,10,,,,
9cdc0ecd-cb78-412c-9f82-795f2c89ab8d,children.co,resell,,,high,low,8,Hello Internet Corp.,24/02/2010 22:36,23/02/2027 23:59,
b6ee94cd-bb9a-4efb-907d-58e2a7c46c5a,unspoilt.co,premium,116,116,high,low,8,namesilo,,,12/09/2026 07:10
478a9b57-4c93-43d2-8749-a51d474773ae,vegetable.co,resell,,,high,low,9,Dynadot Inc,20/07/2010 18:01,19/07/2027 23:59,19/09/2026 14:18
03006e2d-dfd1-4081-be89-f09905972f9e,muggle.co,resell,,,high,high,6,Sav.com LLC,01/02/2021 17:00,01/02/2026 17:00,
b0120c92-c5a9-4350-a38c-bc145136c323,kinleith.co,available,,,high,high,8,,,,
ffc1baee-2dc6-4043-adbb-0343cd5bae98,monounsaturate.co,available,,,high,high,14,,,,
c32b4089-3484-4e17-a9df-f7528fd95221,prepackaged.co,available,,,high,high,11,,,,
6aba154e-1a61-4f75-871a-06b2efb7feb0,ventricles.co,available,,,medium,low,10,,,,
707418c8-87d2-41a3-8f06-a4166ee303a8,nonmasculine.co,available,,,high,high,12,,,,
b0e2c131-7cb2-4564-a049-29ec61bdae85,reexplained.co,available,,,medium,low,12,,,,
b39ea113-13b5-487e-af55-c412d6fd576a,goldhoard.co,available,,,high,high,10,,,,
28a42f1c-a37f-40a1-bf60-996bae77b1e1,nonpartisan.co,available,,,high,high,11,,,,
88120dbf-ca39-46ce-8a20-fd82ed2b62c8,lol.co,resell,,,high,low,3,Dynadot Inc,22/04/2010 17:05,21/04/2027 23:59,
505ca6f5-c418-4b98-a46e-60963c5f9d1c,dominantly.co,available,,,high,high,10,,,,
b856e82c-2619-4a21-9f96-3fc55bccc4ae,coulda.co,available,,,high,high,6,,,,
3079f5bc-f6b8-4e1e-9b4a-2d042b48e661,specifies.co,available,,,medium,low,9,,,,
1f661b02-fb33-4b3c-8a33-572151061f35,tartine.co,available,,,high,medium,7,,,,
a74badc3-f930-4103-92a2-45daf6464b6d,courteousness.co,available,,,high,low,13,,,,
f804a7c6-34b8-4d02-b7f6-579ca8a9decd,instrumentalise.co,available,,,high,high,15,,,,
189d7613-4589-49d0-b156-8d0d68746e21,respirableness.co,available,,,medium,low,14,,,,
1ab70446-15eb-4cdd-a008-762de3fbb1fc,generalized.co,available,,,high,medium,11,,,,
44e98a7a-0124-4fa7-ae0e-54b6aaff5e8b,sigbin.co,available,,,high,high,6,,,,
e54588cb-cc1c-4b3e-8958-d2dcf1162d82,stylographic.co,available,,,high,high,12,,,,
40f59da9-c106-418a-a355-59c434a32271,wigmaking.co,available,,,high,low,9,,,,
1fa759ee-bfcf-4c66-ba8a-4e5b73831860,snowprint.co,available,,,high,high,9,,,,
70dcf1c4-271f-4da8-ac6e-d6560412a1a5,obviates.co,available,,,medium,low,8,,,,
eec362c2-3a34-4b9e-80a6-893a50313a21,moodiness.co,available,,,high,high,9,,,,
7cf762ca-58ec-44a8-9995-a15c6a5e8da4,dustcovers.co,available,,,medium,low,10,,,,
1b409849-a0c6-4809-a908-964bcc8a8611,planning.co,premium,640,640,high,low,8,namesilo,,,
b46e4238-2eba-497d-8429-8f289307d76a,guidebooks.co,available,,,high,low,10,,,,
259f0739-0f77-4730-af98-88619fd3bbec,bushland.co,resell,,,high,high,8,1API GmbH,03/05/2014 05:28,02/05/2026 23:59,
f8cd8b3d-d66d-47b7-bc55-7500489c10c1,annalistic.co,premium,116,116,high,low,10,namesilo,,,
6598ab69-320d-43b6-a309-e2ccdaf1c132,unabandoned.co,available,,,high,high,11,,,,
79657099-9384-4743-b7c7-6759ef9d40de,blazered.co,available,,,high,low,8,,,,
27e90653-3c7e-496a-954e-2567bab5b891,instacelebrity.co,available,,,high,high,14,,,,
2a75f18e-6ce4-4867-b4f1-8e1d2f3055d0,overlaps.co,available,,,medium,low,8,,,,
9ddb94ce-884c-497b-84f4-d16530d623b5,counterintuitive.co,available,,,high,high,16,,,,
9d63f281-6f75-4347-b52a-b5a3a113fd27,list.co,resell,,,high,low,4,"NameCheap, Inc.",13/09/2010 12:00,12/09/2026 23:59,
b7f998b6-8b8d-4dfa-8a91-46585a1ab04a,caravaggio.co,available,,,high,high,10,,,,
0bf55693-36d4-45d3-8050-e787c7d0d02c,perambulator.co,available,,,high,high,12,,,,
9347df6a-e5db-4eae-a2b4-105b656817e3,whoi.co,available,,,high,high,4,,,,
cdaea6bc-7871-4c9b-8341-6ce5e2452d08,stepdad.co,available,,,high,high,7,,,,
42856fa3-5088-4e31-837b-6667e5042232,midtap.co,available,,,high,high,6,,,,
ec67da1e-5e3c-456f-b9cd-faf6623836bd,modelling.co,premium,140,140,high,low,9,namecheap,,,
2238b68e-f000-4847-8ff1-f9c6dd30904b,midwall.co,available,,,high,high,7,,,,
05d696e1-139a-44cd-885b-0f67b5888e82,gregor.co,resell,,,high,low,6,"Register.com – Network Solutions, LLC",11/04/2020 17:00,11/04/2027 23:59,
3f6f82c9-5ea6-4ef5-94ed-6c665cfbf825,kinyarwanda.co,available,,,high,high,11,,,,
5a86412d-70f0-4193-8f95-eb53900158df,wizardess.co,available,,,high,high,9,,,,
6eca5db5-7d14-46f3-85a8-963eab2f518b,nullarbor.co,available,,,high,high,9,,,,
e1baf01e-2c31-485b-a8cd-c2f17e17b82d,xanthous.co,premium,116,116,medium,low,8,namesilo,,,13/09/2026 14:00
edad1306-2a30-4cbe-bfbd-80a0349df7e6,astutely.co,premium,116,116,high,low,8,namesilo,,,13/09/2026 22:20
f06505a8-d173-4116-a804-31dab48ac5f7,breadths.co,available,,,medium,low,8,,,,
74047d1f-e9c8-490b-846a-e3b732c4a196,ecovillage.co,resell,,,high,high,11,Sav.com LLC,08/11/2020 17:00,08/11/2025 17:00,
502cc906-aa2f-4b47-af97-5f24f09d45f9,fingerwidth.co,available,,,high,high,12,,,,
338bad7f-7789-48d1-b723-7a41d38c20c8,seduces.co,available,,,medium,low,7,,,,
481529bd-6bb1-4f1f-93db-4256888bc6b4,hypersexual.co,available,,,high,high,11,,,,
25dafaac-4650-4ca9-b2bd-1a474a09859d,forgiver.co,available,,,high,high,8,,,,
d24646ef-858a-4bd4-bb18-ac3ce91330e2,assembles.co,available,,,high,low,9,,,,
80e8ef7b-37fb-491b-ba9b-f9473b6233b7,gizeh.co,available,,,high,high,5,,,,
bee7c79b-f0d1-4063-926e-12bccaf86630,copa.co,resell,,,high,high,4,"eNom, LLC",08/09/2016 18:02,07/09/2025 23:59,
072f2aa3-fb6b-491e-9a12-d59f9bf3edfa,overdrive.co,resell,,,high,high,9,1API GmbH,17/08/2013 13:30,16/08/2025 23:59,
c9baa95c-e3e8-4112-95c5-4d93a5554524,preparation.co,resell,,,high,high,11,Dynadot Inc,22/09/2014 18:18,21/09/2025 23:59,
0d6aacab-e4ec-4df0-8cc9-3e3bd43fa72d,whca.co,available,,,high,high,4,,,,
355d0a57-bf2a-4397-b759-67d87bedad55,triclinic.co,premium,116,116,high,low,9,namesilo,,,
7e0a6490-570c-4034-ad15-c43883864e32,shoeshiner.co,available,,,high,high,10,,,,
65eff2fc-fb8f-4227-8d59-c41ad415a6b1,holograms.co,resell,,,high,low,9,Dynadot Inc,10/11/2014 06:01,09/11/2025 23:59,
f0d9c08e-2956-4625-81fe-83f581008cd3,francazal.co,available,,,high,high,9,,,,
e303fa06-a19b-4adb-8d52-dbb1d4194316,takings.co,available,,,high,medium,7,,,,
d73802ba-4a51-42b2-a184-f9c333fd05ad,freelances.co,available,,,high,medium,10,,,,
3b99db3d-e022-4e63-99e8-157ccbce2c76,belarusan.co,available,,,high,high,9,,,,
8a656c75-49c6-4cad-ae37-71acc6c62931,tapering.co,premium,116,116,high,low,8,namesilo,,,14/08/2026 21:50
60bae8f8-1fee-4856-89ef-930e39bb0a89,lazing.co,available,,,medium,low,6,,,,
4a8a54e4-0e50-491c-91d3-9433a7fc8124,circumstantially.co,available,,,high,high,16,,,,
0ddd9660-bf52-4069-9f9c-5fb87ec7c8a9,eyebrow.co,resell,,,high,high,7,1API GmbH,14/08/2012 15:20,13/08/2025 23:59,
3a1a816b-f6fb-4c7d-869e-cbca6fb8a7c7,milkfat.co,available,,,high,high,7,,,,
bb91b6e8-a3f1-4d8a-9695-4f33c870d047,icemaking.co,available,,,high,high,9,,,,
45c2650b-e1e7-42a1-a85a-2985dd93411d,pinfish.co,available,,,high,high,7,,,,
e591f508-24a8-4b47-8975-f0f0a67f1857,claustrophobes.co,available,,,low,low,14,,,,
56109bb1-8872-40db-9c69-82ff7c9136ec,rerecording.co,available,,,high,high,11,,,,
0cbb1d38-6030-4159-9a75-5b65627759de,managing.co,resell,,,high,low,8,Dynadot Inc,06/10/2017 18:02,05/10/2026 23:59,
1cede9c4-989a-4353-85d4-c35fb6ed3552,clip.co,resell,,,high,high,4,Hello Internet Corp.,24/02/2010 23:29,23/02/2026 23:59,
17993404-3d0d-4144-99ba-164b5b39771d,prerecording.co,available,,,high,high,12,,,,
51b9360c-1d99-488e-90c0-87f40576ad74,review.co,resell,,,high,medium,6,Hello Internet Corp.,24/02/2010 23:32,23/02/2027 23:59,
0010ece0-be9c-464c-a082-0d70218ae94b,digestate.co,available,,,high,high,9,,,,
22ba8f72-6129-4c15-b2a4-7d8f89a19a3c,snipped.co,available,,,high,medium,7,,,,
013ff2ea-d94a-481a-ba7a-2891966d92f6,bakingware.co,available,,,high,low,10,,,,
7069398d-ca75-4319-b5ab-d75161550610,idevice.co,available,,,high,high,7,,,,
0e62e6f0-6de4-4f98-b986-2156b08853f4,butyrylcholine.co,available,,,medium,low,14,,,,
e80bedf9-c47f-4fdc-8d4d-b6f15bbe8ff7,vampiric.co,available,,,high,high,8,,,,
7410557c-78bf-4eb0-b504-41cf91281973,blackanese.co,available,,,high,high,10,,,,
8bc2866c-38bc-4be7-ac17-111285d1efd5,cozily.co,available,,,high,high,6,,,,
3aeb614e-68ae-4227-9f94-5f32e3520f0b,weyhill.co,available,,,high,high,7,,,,
d8312766-3bc8-4856-aea3-e517f2e80859,discard.co,resell,,,high,low,7,"Network Solutions, LLC",17/04/2018 17:00,17/04/2027 23:59,
f4e9cc15-697f-4600-a450-e32b6b679b7c,retyping.co,available,,,medium,low,8,,,,
1f124afb-eb57-449e-b24e-8780ce7226d3,tieless.co,available,,,high,low,7,,,,
af40b24c-fe57-4a35-b992-904e5203a05c,covers.co,resell,,,high,low,6,"eNom, LLC",14/09/2010 16:36,13/09/2025 23:59,
5e645704-61fc-4fab-b8dc-4f5eb6a2dce7,pettiskirt.co,available,,,high,high,10,,,,
cbf25fe2-555e-4184-b5da-1ca2e064bc20,championships.co,premium,130,130,high,low,13,namecheap,,,24/09/2026 07:38
7b00cba0-f948-4713-aa7f-9e6ca8d82975,lovebirds.co,resell,,,high,medium,9,1API GmbH,21/11/2015 07:53,20/11/2025 23:59,
e7baa5bc-2fe3-4a88-a6e4-8e5cad1bcd17,filet.co,resell,,,high,high,5,InternetX GmbH,30/05/2013 18:04,29/05/2026 23:59,
17a820e8-a594-422b-911c-f44ac45cf1f1,incomparably.co,available,,,high,high,12,,,,
766c64fd-9dd2-447c-b088-30af8f3a1bce,committeemen.co,available,,,high,low,12,,,,
df895382-22c6-477d-93ed-dc75e987a009,ferryboat.co,available,,,high,high,10,,,,
37dc5055-9b32-4495-a2f8-0f758d3838cc,fanciful.co,resell,,,high,high,8,InternetX GmbH,27/02/2015 18:04,26/02/2026 23:59,
19dd4bcc-b1b1-4792-96af-de896a7783e1,etrading.co,available,,,high,medium,9,,,,
a59d9be0-5a88-4227-90a9-de9005694eab,schoolkid.co,available,,,high,high,9,,,,
f7b6ed79-872c-4d3f-b9a6-70363ec6a3ef,morse.co,resell,,,high,high,5,"GoDaddy.com, LLC",27/10/2021 17:00,27/10/2025 17:00,
2d6573bc-7476-4c75-8cdc-d634b0989063,interorbit.co,available,,,high,high,10,,,,
e9c6a1a0-4494-49ad-9ef8-a2d0fc2e4dd2,cxxx.co,premium,116,116,high,low,4,namesilo,,,
e02a0948-30da-4f80-876c-1f8374607ab6,powderpuff.co,available,,,high,high,10,,,,
8ef03e96-bc1f-4656-a3a1-c73e581876d5,kudos.co,resell,,,high,low,5,Dynadot Inc,21/09/2016 17:50,20/09/2027 23:59,
fa342139-3cab-426d-8b0c-7a98920c7764,upadaisy.co,available,,,high,high,8,,,,
3ae08b70-0801-4222-98e5-0ae91c776cf7,alonely.co,available,,,high,high,7,,,,
bdc37500-09cd-4dd1-8835-c17eb017c635,landscape.co,resell,,,high,low,9,"GoDaddy.com, LLC",26/12/2016 16:36,25/12/2026 23:59,
9fc74482-1ad5-48b1-adeb-dae639776f00,softmodem.co,available,,,high,high,9,,,,
873a2fc6-60e9-4596-a1b9-0fb5838697b8,worthiness.co,available,,,high,high,10,,,,
5cff2380-e634-40a2-9f26-8c9ee651100e,newspaperize.co,available,,,high,high,12,,,,
bc2c3b37-c5d9-4acb-b69c-f2dbe0813356,felicitously.co,available,,,high,high,12,,,,
3d9ad21f-b248-46c0-80f2-af99c7dec6e5,edulcorate.co,available,,,high,high,10,,,,
1bdf119b-aeb5-4e62-bf4c-e9031c86f4c7,titrations.co,available,,,medium,low,10,,,,
1f1b430d-a5ed-418d-8a0f-4ebc226553e8,stakeswinner.co,available,,,high,high,12,,,,
979b22d6-1aee-432c-a526-4328057d1b70,subsession.co,available,,,high,high,10,,,,
98a34f58-f7cd-497c-80bd-0a6a46347d0a,calipers.co,available,,,high,low,8,,,,
7f6674fd-b64c-424c-8bab-1f6de0790f36,resemblance.co,premium,116,116,high,low,11,namesilo,,,
e045e73b-5cce-41e7-8613-f5c43ab29fdd,ultratiny.co,available,,,high,high,9,,,,
c52911aa-5529-4f8c-8816-6c7ee3580375,mizenmast.co,available,,,high,high,9,,,,
92e21fcf-575e-487b-aef8-4077ddfb02d8,besides.co,premium,640,640,high,low,7,namesilo,,,
014cdcea-1b21-4569-976a-7be2c2d63509,importune.co,available,,,high,high,9,,,,
00629da9-c325-4a0e-a801-6f8e5c412600,gigantically.co,available,,,high,high,12,,,,
220ab086-7eba-4fcd-813a-d5d2e6eefbc4,proficiency.co,resell,,,high,low,11,"GoDaddy.com, LLC",18/01/2015 06:19,17/01/2027 23:59,
9865c75e-6be3-4957-bf8a-d1f2b23a0052,defroster.co,available,,,high,high,9,,,,
84aec91c-f623-4cf8-a1fc-d49c6cdd64ad,marmite.co,available,,,high,high,7,,,,
c5239c77-416d-4caf-8ffb-f53795e1f39f,expenditures.co,available,,,high,low,12,,,,
c0dfd772-06da-4c2b-ba74-9942b266722a,minutely.co,premium,116,116,high,low,8,namesilo,,,15/09/2026 15:04
b3a8691c-dc41-4f97-afee-3a76fe6e8086,midsternal.co,available,,,medium,low,10,,,,
00d43ef1-11d0-48b8-a5de-35e93dbb1fb6,soybeans.co,available,,,high,low,8,,,,
36826aaf-8a43-4711-90bd-9da0ee92d259,milkful.co,available,,,high,high,7,,,,
7bba74d8-1f05-4e4f-bf33-689b922fce46,allow.co,premium,3250,3250,high,low,5,namecheap,,,06/08/2026 09:03
3a9c4691-a7f3-4234-94e9-1555f24fccb2,intriguer.co,available,,,high,high,9,,,,
28da4c5a-addb-4374-8b63-69228e8a247f,internalize.co,available,,,high,medium,11,,,,
841d485d-5e0c-4f96-9e3f-4bf7a5a7c7cb,groundlessness.co,available,,,high,low,14,,,,
5ff5595d-2357-4f8b-b173-9384e858980b,harmonizations.co,available,,,medium,low,14,,,,
cab710e9-46d6-4fc8-878d-d03d08099b0d,returnee.co,available,,,high,high,8,,,,
51586bc0-06cb-4aea-8508-6ad3384244db,capsules.co,resell,,,high,medium,8,GrepApps Technology Inc.,06/10/2024 17:00,06/10/2025 17:00,
f3fe30bf-6692-4662-8ecf-e6377591ca0f,wealthmaking.co,available,,,high,low,12,,,,
6c95ad08-9974-471d-b578-614285d7f8a1,transpositions.co,available,,,medium,low,14,,,,
21302d88-9103-4b1f-a745-bead03e392cc,constrict.co,available,,,high,medium,9,,,,
affb5782-9218-49c0-8967-bc2dc99e2f70,examining.co,available,,,high,high,9,,,,
e9f45da9-6022-47c2-84f5-fdfc28a3a0fe,complacence.co,available,,,high,low,11,,,,
56e7e913-b8fd-4931-9ab4-51f1506d7474,potpourri.co,resell,,,high,high,9,Dynadot Inc,01/01/2014 18:05,31/12/2025 23:59,
d1bc46f4-8f97-4324-a223-1947430ba015,beergate.co,available,,,high,high,8,,,,
d173b2df-a968-40de-b87e-670625d48bd9,vowelization.co,available,,,high,high,12,,,,
f818c8e3-04be-4556-bef5-c7804805154a,souvlakia.co,available,,,high,high,9,,,,
16628204-677e-438a-af98-eea4039f3994,anomalous.co,resell,,,high,low,9,"GoDaddy.com, LLC",15/01/2021 23:46,15/01/2027 23:59,
3da5b4c0-c83c-4c30-9a2f-8ae3cdb66f3c,helianthus.co,available,,,high,high,10,,,,
77f5e895-182f-42c2-8607-88374a6f2681,supreme.co,resell,,,high,low,7,Dynadot Inc,16/04/2026 10:55,16/04/2027 23:59,
fb1b5d31-dfdb-4837-8d35-b5783c08b3bf,slivers.co,available,,,high,low,7,,,,
47e6745b-0d51-4114-8c4d-cc35a400cc34,twirled.co,available,,,medium,low,7,,,,
aaa78ea6-9051-49d1-8d84-1137e864c366,revenuers.co,available,,,medium,low,9,,,,
e27c0c74-0fa1-4241-bda6-da8f76c7e6a6,farmstall.co,available,,,high,high,9,,,,
681ec85b-86ff-4bce-bb1d-b9ed94c4f523,fluidly.co,available,,,high,high,7,,,,
e4d0fc10-0736-4ccc-bafe-e409a7a0fc40,blenders.co,resell,,,high,medium,8,"GoDaddy.com, LLC",20/07/2010 18:05,19/07/2027 23:59,24/09/2026 07:11
ac9167a4-7309-4032-968b-3a925f6bc059,keepalives.co,available,,,medium,low,10,,,,
342fc977-6864-40f7-a7ed-3a85ef95407c,counterdemand.co,available,,,high,high,13,,,,
5699f825-656d-47ec-9a1d-d9b2aebe759d,kingward.co,available,,,high,high,8,,,,
412700a2-8b72-4174-8e9a-92983781fb36,niuean.co,available,,,high,high,6,,,,
5e9bf68e-933a-44db-8cee-c8bf937b1396,molecularity.co,available,,,high,low,12,,,,
0c3fe97f-dc74-4b4e-aa1e-ccdd03666113,kilometers.co,available,,,high,low,10,,,,
1eb2f653-488f-44bf-8369-cf0d960d1ca0,demobilise.co,available,,,high,medium,10,,,,
983bcff1-6407-4129-bd59-c809159381a3,whidah.co,available,,,high,high,6,,,,
70a6fdb9-3926-49fc-be18-12313ac17f76,bucketload.co,available,,,high,high,10,,,,
443451c4-0482-4696-b28a-f95688f103bf,jesting.co,resell,,,high,low,7,"GoDaddy.com, LLC",22/12/2020 23:10,22/12/2026 23:59,22/08/2026 12:52
9bd14712-b9d4-4ed5-876f-58577779ee08,disgust.co,premium,302.5,302.5,high,low,7,namesilo,,,
bb879124-d938-4405-ba0e-ed61b08de952,violinmaking.co,available,,,high,low,12,,,,
144c82c9-094c-442e-a706-15b36125467d,paunch.co,available,,,high,high,6,,,,
bfed048a-ebe2-4503-86d7-bf1bec9085f8,videosurgery.co,available,,,high,low,12,,,,
96f70b86-cd58-4ce2-835b-1c0a8166899a,landscaped.co,premium,116,116,high,low,10,namesilo,,,22/08/2026 19:30
ab3226da-0292-433b-bb87-0a216b389d59,suppers.co,resell,,,high,low,7,Sav.com LLC,20/09/2024 20:13,20/09/2025 20:13,
72220681-6460-40a8-8fa3-55d487f0af67,cornpone.co,available,,,high,low,9,,,,
14a04eec-f71c-44c0-a1e5-f250570a6ec8,pouring.co,premium,302.5,302.5,high,low,7,namesilo,,,20/08/2026 21:01
0fbe34c6-e3ad-402b-988b-8da6db100a0f,partook.co,available,,,high,high,7,,,,
a6547c19-3bc9-4910-9a6c-6cb170da6ba1,snacktime.co,resell,,,high,high,9,Porkbun,01/12/2016 13:41,30/11/2025 23:59,
8f404105-5cb5-48cd-b73d-2bd9d786f8fa,thinning.co,available,,,high,medium,8,,,,
55229f7d-f20a-48e8-8968-20a3e8bf1a73,hymnical.co,available,,,medium,low,8,,,,
10a64abd-b877-4dfb-b55b-a9de57a488f8,mainstreamism.co,available,,,medium,low,13,,,,
2e9fab7e-a883-47fb-9e56-bf9359619dd5,incorrupt.co,premium,116,116,high,low,9,namesilo,,,22/08/2026 02:01
8ac5b436-e822-4350-8919-facb91ee1a88,groundswells.co,available,,,medium,low,13,,,,
8cfcc8a2-ceb9-4502-893a-dd30ad8ebfbd,emeasoba.co,available,,,high,high,8,,,,
a0536d2c-e4b0-4d34-a62f-2bc31cb8d851,greaser.co,available,,,high,high,7,,,,
a3e18d56-9dc3-45fd-a70a-d2d82a864c2b,middrive.co,available,,,high,high,9,,,,
aa580d8d-556f-4497-a63e-a4a0ab2643cb,epochal.co,premium,302.5,302.5,high,low,7,namesilo,,,17/08/2026 11:24
d850ec64-23be-4abe-aefe-5efca7e57998,anglicize.co,available,,,high,high,9,,,,
8572e5a4-9553-4a7d-bc3c-efe04a9336e8,aguish.co,premium,640,640,medium,low,6,namesilo,,,
864748b3-c409-4030-8e4a-53a30c30f531,handshape.co,available,,,high,high,9,,,,
0e962006-3a70-4fdc-b060-e34d3f96dc5b,sherds.co,available,,,medium,low,6,,,,
b5494050-08de-44cf-bfb0-ad52f2a160c2,storable.co,resell,,,high,high,8,"Spaceship, Inc.",27/09/2016 18:08,26/09/2025 23:59,
b5e07b70-5c7d-4edd-b688-e0de1aa12e88,avian.co,resell,,,high,low,5,"Spaceship, Inc.",21/09/2012 12:31,20/09/2026 23:59,07/08/2026 23:17
6a7cd30e-3100-4896-b6ee-691ec50762d4,desmidium.co,available,,,high,high,9,,,,
ebfd9a3b-5dbc-4de7-a33b-1cdc06899a91,vibrationless.co,available,,,high,high,13,,,,
e9a317a1-1d27-472b-9fe4-e16d0ef51d59,supported.co,premium,116,116,high,low,9,namesilo,,,
c5cb74bc-b817-4256-819a-1f234f150f33,pondless.co,available,,,high,high,8,,,,
aa3565d4-55cf-48af-afbc-890070b58f77,bodymind.co,resell,,,high,high,8,"GoDaddy.com, LLC",26/04/2020 03:20,26/04/2026 03:20,
71a255e0-3863-437d-8a9d-0f8200b93321,napoleons.co,available,,,medium,low,9,,,,
05c4fd5e-faf3-490d-9dd3-598311a284ba,sequential.co,resell,,,high,high,10,1API GmbH,21/02/2014 02:48,20/02/2026 23:59,
87e354f0-f69a-481d-84d0-1aa36f5d444a,mailer.co,resell,,,high,high,6,"GoDaddy.com, LLC",20/11/2012 10:40,19/11/2025 23:59,
e0f0f5cd-504b-41b5-aa96-7405b8621755,stanstead.co,available,,,high,high,9,,,,
a494fa09-6ed9-4e5d-baf1-f66f9c29ca15,statherian.co,available,,,high,high,10,,,,
2086ce40-977f-4e1b-aedc-1ec829873d5d,autoerotic.co,premium,130,130,medium,low,10,namecheap,,,07/08/2026 20:01
504e5823-a96a-404e-9dfd-f6390c56608f,limericks.co,available,,,high,low,9,,,,
0410f92f-aa7f-4b00-9802-e41c4b0b2b24,contraceptives.co,premium,130,130,medium,low,14,namecheap,,,24/09/2026 08:02
a47097c6-cf5b-45ac-a701-3ffebf807d80,squeegee.co,resell,,,high,high,8,"NameCheap, Inc.",22/11/2019 16:02,22/11/2025 16:02,
e6e7a488-489b-4679-b0a0-80b277ccdb8b,hareem.co,available,,,high,high,6,,,,
5fe399e0-9a9d-4220-9152-b7eafc637098,atsb.co,available,,,high,high,4,,,,
257e1963-099c-4feb-aa80-7d29a0a2b68a,orangutan.co,resell,,,high,low,9,"Spaceship, Inc.",28/11/2014 00:39,27/11/2026 23:59,
81488839-a5a4-4d43-b005-d8065fa2e55b,quangoland.co,available,,,high,high,10,,,,
1c3817d4-dba5-465c-afc4-50005ef801ec,sitcomic.co,available,,,high,high,8,,,,
ef730b43-61a9-4b4e-a110-63fe179555bc,speakingly.co,available,,,high,high,10,,,,
7e9d8b99-8c1c-4122-97b2-780e0be9920d,popemobiles.co,available,,,low,low,11,,,,
fc46e1f1-9df6-4ad7-a290-791191aa6c39,trotted.co,available,,,medium,low,7,,,,
9c4d6bcd-fced-4783-979c-ca2aab80f4d0,jewelry.co,resell,,,high,low,7,"GoDaddy.com, LLC",24/02/2010 22:57,23/02/2026 23:59,
881f49be-0876-4642-a018-4685bb5473c7,synagogue.co,available,,,high,high,9,,,,
dc40ce67-8c16-4e72-9d15-493a3a2c71cb,irradiatingly.co,available,,,medium,low,13,,,,
2a4a6334-ef43-4172-b83d-0be67fc732e9,starbeck.co,available,,,high,high,8,,,,
22953762-5dd4-4b50-a1ed-6f55f4a4d675,bulbous.co,premium,302.5,302.5,medium,low,7,namesilo,,,09/08/2026 13:39
3e725871-9ebf-4929-b5be-d523f8110bd2,photosynthesise.co,available,,,high,high,15,,,,
f9701032-6c66-49af-a5f0-2b7d880169ea,dumbarton.co,available,,,high,high,9,,,,
eac1f080-b9da-404d-8ba3-a578d687b3c6,buying.co,resell,22505.5,,high,low,6,"GoDaddy.com, LLC",31/08/2010 18:25,30/08/2027 23:59,23/09/2026 00:49
c0862f96-19b0-4b14-b274-32b7c6c12acc,lexicographer.co,available,,,high,high,13,,,,
e1871f05-8017-498d-b347-675db0253be2,sugariness.co,available,,,high,high,10,,,,
8e2f1894-20c3-4c3a-bbc4-f3c9a4000913,presuming.co,available,,,high,high,9,,,,
980da9e4-cb35-48d2-b256-c5f6bbebce76,coulis.co,available,,,high,low,6,,,,
3e78b402-9690-4b6c-9c9a-e74071ea0ea6,clergy.co,resell,,,high,low,6,Zhuimi Inc,18/07/2021 17:00,18/07/2027 23:59,19/09/2026 12:04
e820acf9-f9d8-42af-9afb-5f6d1589608f,cip.co,premium,6900,6900,high,high,3,namesilo,,,24/09/2026 07:45
ee8ca37b-381f-4f02-a250-1d9fde2f0187,symptomatics.co,available,,,high,low,12,,,,
1807398f-dfa2-4747-9378-b44f935269a6,aluminise.co,available,,,high,high,9,,,,
62c6b635-6520-43f8-83bf-c6e0c90da349,astronautically.co,available,,,medium,low,15,,,,
2a438a4b-e808-4864-be6a-3be699670102,asymptotic.co,premium,116,116,medium,low,10,namesilo,,,07/08/2026 10:30
4bb0f350-133d-4392-b8ba-fc69462c39b2,trotsky.co,available,,,high,high,7,,,,
3ddff24c-6f80-43d4-b499-0267916138ab,beaked.co,premium,640,640,high,low,6,namesilo,,,09/08/2026 03:50
ec1cf473-8418-4ee3-8c3f-7776b69d5363,overtaking.co,available,,,high,medium,10,,,,
e2b6ed74-4b22-4699-b3f3-d277e55015f1,dustless.co,available,,,high,high,8,,,,
155b6827-d188-4b05-ad94-e92341aa172d,defrayal.co,available,,,high,high,8,,,,
7b7631e9-79fc-4339-8840-fd68dc248638,bloomed.co,available,,,high,low,7,,,,
795cda60-2716-4d45-a6ac-4ef8f9541fe3,ciney.co,available,,,high,high,5,,,,
bf7e5b23-6a73-4302-805d-26623f69393a,gregariously.co,available,,,high,high,12,,,,
7631cb1c-30b9-47e3-8917-22efc4f84d42,plumy.co,premium,1107,1107,medium,low,5,namesilo,,,18/08/2026 00:25
73dead9e-e2f0-499e-ac29-34c356f9313d,reremouse.co,available,,,high,high,9,,,,
6951ee1d-0084-4830-9ade-783a5f110aec,lounges.co,resell,,,high,low,7,InternetX GmbH,24/09/2013 18:19,23/09/2025 23:59,
44c997b1-d881-4fac-98e0-7c17ee4e916f,secretagogue.co,available,,,high,high,12,,,,
c9a74d6c-87a2-4334-959f-9ac9e31b3d90,subparagraph.co,available,,,high,high,12,,,,
8c2dcf0b-db14-4cec-b8c6-af172e25dc60,weeding.co,available,,,high,high,7,,,,
8453b91c-32ad-4e2d-b50b-59099399b17a,vicedirector.co,available,,,high,high,13,,,,
288dce69-026f-4a95-961a-30fbf105ae60,readjusted.co,available,,,medium,low,10,,,,
3b55ce85-99f6-4500-b8f3-fe00dc191ca5,phylogenetic.co,available,,,high,low,12,,,,
26c5ad4c-78d9-4ece-a7a2-e2887d8c40fd,coursers.co,available,,,medium,low,8,,,,
7c5a5bc4-70db-47d3-82e8-ccfeec4d2847,funkiness.co,available,,,high,low,9,,,,
bbbf0d63-7236-4dcf-a639-4427365fd634,copperwork.co,available,,,high,medium,10,,,,
77f2603e-e594-4f11-a98b-729f7574f5a4,identikit.co,available,,,high,high,9,,,,
48f45398-92fb-44f6-9180-e378d05fb94c,finickiness.co,available,,,high,low,11,,,,
f1c92779-ef22-4d99-9261-5e11f00df6e6,encountering.co,available,,,high,high,12,,,,
1c509422-9c4c-451e-a64e-1540c0891b00,filename.co,available,,,high,high,8,,,,
296e8a34-6998-4fdb-a9fe-042f93568553,charged.co,resell,,,high,low,7,"NameSilo, LLC",29/11/2024 17:00,29/11/2026 23:59,12/08/2026 02:31
687346d3-9e17-4104-acd4-c4edd77928dd,transmissible.co,available,,,high,medium,13,,,,
da37dcc2-5d61-4d88-93ec-2be2dfe793f1,futurism.co,resell,,,high,high,8,"GoDaddy.com, LLC",01/01/2022 17:00,01/01/2026 17:00,
a3a26d15-3a5b-4af5-bfe3-44afd716fe9a,surcoat.co,available,,,high,high,7,,,,
b91c18a3-8fb6-45d5-8ce3-664173b6424e,flavoursome.co,available,,,high,high,11,,,,
723f0c97-53e3-47a8-8c28-83a3923e2adf,dramatically.co,available,,,high,medium,12,,,,
688bd21a-ee45-4caa-9436-bc419c69f359,nonspanish.co,available,,,high,high,11,,,,
28171316-be61-4e52-9e0d-50704a1af4f4,escalating.co,available,,,medium,low,10,,,,
c66d3c2b-0a9d-4550-9d89-39aa35cb5a6c,creamiest.co,available,,,low,low,9,,,,
41e977e2-f6cf-4813-8c18-17d75362ed10,elementary.co,premium,35532.63,44.99,high,low,10,name.com,,,16/08/2026 03:31
8468a0dc-e163-4c18-b5fb-c2d16ae1f59e,girllove.co,available,,,high,high,8,,,,
c12c2adb-d7ab-4743-921f-c9ef8537cb96,preserver.co,available,,,high,high,9,,,,
a252fafd-9880-4bb1-b244-f5c7338e8f54,communalism.co,available,,,high,high,11,,,,
75295822-4952-482f-8e1c-c2b6786c44ce,rewatchable.co,available,,,high,high,11,,,,
9a9c9da4-04a2-4f8f-807c-b54bed6a3616,reliefs.co,available,,,medium,low,7,,,,
33acefc1-f6a6-4c92-866c-20d049d498a8,outfitter.co,resell,,,high,high,9,InternetX GmbH,25/10/2019 17:01,25/10/2025 17:01,
e6a52a7e-d7f5-4a1d-8b0a-6290524efffd,replays.co,available,,,high,medium,7,,,,
333bbc12-1e36-4de7-8243-3ad0c8dafa77,moors.co,available,,,high,high,5,,,,
5a0aca48-1f04-4c7e-afc9-cd4688bf8a49,tracery.co,available,,,high,high,7,,,,
cb846789-f8f1-4955-a579-6f3667b604ad,bottomwards.co,available,,,medium,low,11,,,,
0808d441-7b86-4b15-bbb9-07cb0c4dbf4c,stormflow.co,available,,,high,high,9,,,,
989b5bca-370c-4e05-835e-4b54262aaf0c,asking.co,resell,,,high,low,6,"Spaceship, Inc.",26/09/2014 20:39,25/09/2026 23:59,
4216fa4e-c431-4139-a96d-814e211ef300,cyberinteraction.co,available,,,high,low,16,,,,
58142c92-e456-4a5c-befe-f1898ef4d599,inflow.co,resell,,,high,high,6,1API GmbH,01/12/2012 23:09,30/11/2025 23:59,
ef2ac3d8-6140-4bdb-8c72-332d9ab59daf,likelier.co,available,,,medium,low,8,,,,
5db3d8db-38f9-4bc1-ae7f-04ff0e082a2a,thoroughness.co,available,,,high,low,12,,,,
c33d10ac-1989-43f8-b99f-2b982c1f5a66,goings.co,available,,,medium,low,6,,,,
fb04bc67-872e-473e-b79f-7a01ec16e076,reclining.co,available,,,high,medium,9,,,,
39212053-c124-41a6-8251-5d2b52e4edd3,panellist.co,available,,,high,high,9,,,,
a421ec66-10fa-42fa-9119-afc0974b3288,asianization.co,available,,,high,low,12,,,,
0a04630f-38ee-4077-9544-381081742d33,creekfish.co,available,,,medium,low,9,,,,
17820004-a430-4612-a153-1fb83abf38e3,antidotal.co,premium,116,116,medium,low,9,namesilo,,,
51a97958-bfcb-41a0-93e4-8508996c9dfa,aglycone.co,available,,,high,high,8,,,,
c7b9c9b1-ab52-45cc-89a9-70adf92e1e85,outstandingly.co,available,,,high,high,13,,,,
970e6fe7-0c19-48b3-a2ec-e650d5f171f0,accolades.co,available,,,high,medium,9,,,,
0178c611-ecca-493b-9d0d-02f5a50672d6,regulate.co,resell,,,high,low,8,"Spaceship, Inc.",30/11/2015 10:38,29/11/2026 23:59,
b7d21986-4454-4556-98b3-4e7884226755,cotherapist.co,available,,,high,high,11,,,,
336ed0d5-d0b9-4acb-9d4b-ec4c5cb13d45,purposing.co,available,,,high,high,9,,,,
f75b8c21-adf9-4244-af0d-cfdae351c3dd,tabloids.co,available,,,medium,low,8,,,,
5b023bfe-a16a-4b9c-81d1-ecdeefedd53a,desulphur.co,available,,,high,high,9,,,,
2425a6c4-96c6-4eff-aab1-586e0e63cd1d,lammastide.co,available,,,high,high,10,,,,
0bdb9929-bd1f-4917-bcc8-ce8f84957339,burner.co,resell,,,high,high,6,Sav.com LLC,20/07/2010 18:23,19/07/2027 23:59,19/09/2026 13:17
aac162d5-b8f1-473c-a077-1094e7daede9,bee.co,resell,,,high,medium,3,"GoDaddy.com, LLC",22/04/2010 17:01,21/04/2027 23:59,
cfcceba1-8929-43c4-8abb-d1c62620f890,partition.co,resell,,,high,high,9,1API GmbH,07/09/2012 18:08,06/09/2025 23:59,
9cc47f15-cba2-4318-9466-b9ba7277a529,valuate.co,resell,,,high,high,7,Dynadot Inc,05/07/2016 18:04,04/07/2027 23:59,17/09/2026 16:09
c5897f99-4344-464a-b03e-7edd8bd2b368,nichols.co,resell,,,high,high,7,1API GmbH,02/11/2011 16:37,01/11/2025 23:59,
4f31d5cb-444e-4b16-ae37-016a4c4f73fc,virtuous.co,resell,,,high,high,8,Dynadot Inc,14/01/2016 18:03,13/01/2026 23:59,
7791f203-3802-44e1-a9b7-8f1f6dd199c6,ballooningly.co,available,,,high,low,12,,,,
1cd4b7b1-ce67-4751-9071-f3259e8ec88e,transliterates.co,available,,,low,low,14,,,,
48c5838c-6b28-4a0c-bb29-7ccee4a8f7cc,compulsorily.co,available,,,high,high,12,,,,
1aade298-225f-4bae-9aa6-35763bf8b341,congregationalism.co,available,,,high,high,17,,,,
edf25adc-4d7e-4120-8438-2a345ad70397,rosebud.co,resell,,,high,high,7,1API GmbH,24/02/2013 02:31,23/02/2026 23:59,
9c77e2b6-65cb-4fe3-8e25-715fd1dcb57a,quivering.co,premium,130,130,high,low,9,namecheap,,,11/09/2026 19:15
982c5778-248d-4640-90c8-fe31167d4420,kerfluffles.co,available,,,medium,low,11,,,,
658b6c40-29fd-4839-af6c-a1cf29129419,greyback.co,available,,,high,high,8,,,,
9c82a3bf-e03b-44a8-ad08-91cbc1a7ff27,transitive.co,premium,130,130,high,low,10,namecheap,,,11/09/2026 18:55
c8f9c35b-7c7d-4c03-bd62-f593c6ea4230,deems.co,available,,,high,low,5,,,,
d4ffcd76-e110-40c2-a36b-33066c2fcee0,panoplied.co,premium,116,116,high,low,9,namesilo,,,06/08/2026 21:42
293ec177-7d8f-4e33-8e6e-7fc0fec4f114,seawards.co,premium,116,116,medium,low,8,namesilo,,,10/09/2026 01:02
bb57ead5-916b-4eda-a950-409878c4be2f,caroling.co,available,,,high,high,8,,,,
d31693d1-2027-4c8c-86a5-649e0a25c1c9,nonbreaking.co,available,,,high,low,11,,,,
19d73711-2e05-4d2b-8fe9-982997b1cabf,accroaching.co,available,,,low,low,11,,,,
0d5a9a63-e283-4e76-bc8a-44e05b250f9e,chancla.co,available,,,high,high,7,,,,
613c8696-3894-4273-abae-1e304e6b003a,teetotally.co,available,,,high,high,10,,,,
c99309d6-c927-4edc-afc3-28e3d1d76df7,unexpired.co,premium,116,116,high,low,9,namesilo,,,12/09/2026 09:38
a5bc891a-ff7d-404d-8f8c-26e41cc285af,conceal.co,resell,,,high,low,7,"Spaceship, Inc.",26/08/2010 05:02,25/08/2027 23:59,22/09/2026 12:49
47bb8a3d-1903-459c-9d65-b7c2cb21fd02,graters.co,available,,,medium,low,7,,,,
4c91bfa5-d423-489c-84f3-fbf19329fa8d,pristine.co,available,,,high,low,8,,,,
9f9433f0-5579-4669-b1b3-c1bdbab28a07,dexedrine.co,available,,,high,high,9,,,,
ad81d0a8-4dbf-4401-ae8b-093c8cbb04e3,uncapitalized.co,available,,,high,high,13,,,,
9f3125ed-47c8-4a94-9046-d98de0634ab7,whitish.co,premium,302.5,302.5,high,low,7,namesilo,,,24/08/2026 23:06
abacc583-b5ad-4a6d-a8d6-f5e5530a2b7c,cyberstore.co,resell,,,high,high,10,InternetX GmbH,09/10/2017 18:04,08/10/2025 23:59,
956476a9-92f7-4d23-8e2c-81f20e58f896,guanine.co,available,,,high,high,7,,,,
74fd298d-555d-45f4-8500-3f4b40f43169,putin.co,resell,,,high,high,6,InternetX GmbH,28/01/2016 18:02,27/01/2026 23:59,
0156f9d0-9e00-4639-a36c-65fe9c080156,crimping.co,available,,,high,high,8,,,,
ad99de68-75c7-473e-a10c-12851eebfc1c,settees.co,available,,,medium,low,7,,,,
7dd88466-143e-4c24-8135-621b6f165a20,logbooks.co,available,,,high,low,8,,,,
e46dbbf2-cdec-4664-a449-96d950913983,vinaigrette.co,available,,,high,low,11,,,,
c8e245d2-80cd-40fb-b548-bbd6a83a4645,amazedly.co,available,,,high,high,8,,,,
ffca25a0-f749-4da2-b9a1-b596692e400d,statesville.co,available,,,high,high,11,,,,
52540b88-581f-41db-a4ce-b1c32158ed91,limelike.co,available,,,high,high,8,,,,
d970043c-ab7e-4f41-815f-1277a97bfe71,predicative.co,available,,,high,high,11,,,,
74c3fe3d-5556-4d20-bd5d-b9547215d0a7,continuos.co,available,,,medium,low,9,,,,
3d55390f-c9fe-4ea4-8049-362f586a70c5,acidcore.co,available,,,high,high,8,,,,
66e2b0f8-81bb-4a21-a5ce-0ce3a322390d,drylands.co,available,,,high,low,8,,,,
2891c870-6d91-429c-94c4-5162749de7aa,outpacing.co,available,,,medium,low,9,,,,
8482e93d-d6c9-435c-8168-525bd6bad8c8,overcoat.co,available,,,high,high,8,,,,
bd50796a-d7ef-4fba-a3d7-bff20bd8c579,entitles.co,available,,,high,low,8,,,,
431f5532-c0a5-4c07-962a-64709d8cc755,congratulate.co,resell,,,high,high,12,"Spaceship, Inc.",30/07/2016 03:06,29/07/2027 23:59,24/09/2026 07:59
b73ff565-dd44-4861-9f97-7dc959e27986,therapies.co,resell,,,high,low,9,InternetX GmbH,30/11/2013 18:05,29/11/2025 23:59,
16f68d2f-579b-405d-9671-a8c02a0e4caa,negociate.co,available,,,high,high,9,,,,
c5019a28-e9e4-4f9e-8ad9-1e061a687601,actable.co,premium,592.25,44.99,medium,low,7,name.com,,,
2e904e3a-96b9-4ede-a486-dd9ec3b23704,valise.co,resell,,,high,high,6,"Spaceship, Inc.",23/05/2017 18:02,22/05/2026 23:59,
e6942f8b-1e06-4d0b-8d32-65c8c399f260,painstakingly.co,available,,,high,high,13,,,,
a84546d3-5868-4f73-9990-54abecd91fc5,musculatures.co,available,,,medium,low,12,,,,
5e2a4e4f-ebe5-4ce4-94c3-661c24807a68,episodes.co,resell,,,high,medium,8,Dynadot Inc,25/11/2015 18:05,24/11/2025 23:59,
57a0dfa2-0868-4c5f-ac2d-60c6a559eb35,biasing.co,available,,,high,high,7,,,,
0ea5f2ef-7806-4b5f-aacb-4ba3834f8bd7,whipper.co,available,,,high,high,7,,,,
24fc03ac-844e-4314-9e61-f054262c5dd7,factorization.co,available,,,high,high,13,,,,
91878bf3-c1c8-4522-9146-d73dae5076e1,sunbeam.co,resell,,,high,low,7,"Spaceship, Inc.",15/05/2018 17:00,15/05/2027 23:59,
10f6cd8a-0e45-4928-bc7f-fb3d4578fa90,centum.co,resell,,,high,high,6,"GoDaddy.com, LLC",05/03/2020 17:00,05/03/2026 17:00,
0bbcf8b2-750d-42b8-8ade-6cc0f303ab63,steamships.co,available,,,medium,low,11,,,,
d6d1170e-84b2-419c-b59c-d2f2cb84d2c6,retainability.co,available,,,medium,low,13,,,,
57407bc4-2caf-4635-beb3-2df0f3b6879f,swingman.co,available,,,high,high,8,,,,
57fc2f31-6024-4315-8972-7c21ab432627,standover.co,available,,,high,high,10,,,,
7fd68d62-b922-41a6-b5f9-fdd1b5f83e7c,skiblade.co,available,,,medium,low,9,,,,
ec315198-b535-4f0d-8083-fb9498f73693,earnest.co,resell,,,high,low,7,"GoDaddy.com, LLC",20/11/2017 18:06,20/11/2026 23:59,14/08/2026 22:31
7ea90d13-6773-4754-905b-504b21f534d0,welcher.co,available,,,high,high,7,,,,
454bb9e6-a935-45be-93e5-16dc251ebb59,captopril.co,available,,,high,high,9,,,,
1d8f3407-1d38-4de8-9bc8-853d66eaa826,neoclassicism.co,available,,,high,low,13,,,,
9c2e79a1-a31a-4443-a6f5-ac16a45e1cee,subreddit.co,available,,,high,high,9,,,,
9a449175-a948-4def-b98f-da5f6d5f3790,occur.co,resell,,,high,low,5,"Spaceship, Inc.",25/11/2013 02:23,24/11/2026 23:59,
0162a6b7-392a-45fb-ba79-dc9d6fbaeb79,cypher.co,resell,,,high,medium,6,"GoDaddy.com, LLC",28/04/2010 21:03,27/04/2027 23:59,
cd987b66-ba73-4fad-ae6d-18952e46febe,worthiest.co,available,,,medium,low,9,,,,
1eb01d46-0f67-4627-b828-67b56d41803d,stairway.co,resell,,,high,high,8,1API GmbH,03/07/2021 17:00,03/07/2027 23:59,17/09/2026 13:23
5691e7a2-e460-4fa1-8662-88e331c133a1,flatless.co,available,,,high,high,8,,,,
da96e250-ee9c-43c2-b0c0-b229e5774a43,internationalisation.co,available,,,high,low,20,,,,
0469d3fc-6649-4bae-8327-f4721a47f9aa,dopamine.co,resell,,,high,high,8,Dynadot Inc,11/11/2012 18:01,10/11/2025 23:59,
b65a6771-37fc-4525-a422-76486db41628,unambiguously.co,available,,,high,high,13,,,,
1544ae51-3db1-4f7c-b192-0594dd5f6c5b,assents.co,available,,,medium,low,7,,,,
0882e27b-c7d2-4920-90b4-b4d11dc01f6f,maleness.co,available,,,high,high,8,,,,
af3a9a79-3e70-4348-adb5-31f122a02323,pixie.co,resell,,,high,high,5,Dynadot Inc,11/09/2018 13:54,11/09/2026 13:54,
03eb36b3-d616-4bc9-b557-de2d406a9981,feminizer.co,available,,,high,high,9,,,,
026f7afd-eeaf-4934-abd3-5e9f156d19f4,pedometre.co,available,,,high,high,9,,,,
571e9428-8348-4ad7-a553-5213ec0f6d7f,unveil.co,resell,,,high,low,6,"Spaceship, Inc.",31/08/2010 04:44,30/08/2027 23:59,23/09/2026 14:22
2670ce79-369a-45f4-ae36-155ef962fe27,threepenny.co,premium,116,116,high,low,10,namesilo,,,10/09/2026 09:08
05da0849-c21f-4c84-8aa0-bbef744d2220,unhooking.co,available,,,high,high,9,,,,
1ca1e0d7-5bca-4e0b-b47c-6dce0003e0f9,lopsided.co,premium,116,116,high,low,8,namesilo,,,07/08/2026 03:41
e57842b7-7f79-4afc-bd15-0b2a683a6f1b,vaporisation.co,available,,,high,low,12,,,,
07daef4b-d48c-4703-a93f-f5a0dcbb727a,patrons.co,available,,,high,low,7,,,,
d35da1db-4792-4503-b9a0-bc0c97a15f76,arteriolopathy.co,available,,,medium,low,14,,,,
d06ce999-0181-481f-b316-68aee21dc9c2,motorway.co,resell,,,high,high,8,1API GmbH,09/06/2014 05:45,08/06/2026 23:59,
cfaa81d9-ea3f-4efb-a09d-3681a850b8c2,readableness.co,available,,,high,low,12,,,,
1dccb94c-4861-47d1-925e-9aaa1599ae18,javan.co,resell,,,high,low,5,Dynadot Inc,15/11/2025 12:47,15/11/2026 23:59,22/08/2026 12:30
3165c3a3-7ae8-46cd-aac5-44cdceb1cd93,buttonlike.co,available,3.99,38.99,medium,low,10,namesilo,,,09/08/2026 03:39
3fda30fe-2a5e-4e5a-af24-995df4a3b81e,hipstery.co,available,,,high,high,8,,,,
37c15841-b753-405c-94b7-7412dcee8afa,demobilize.co,available,,,high,high,10,,,,
55619a79-2e00-4758-b437-81cea8f02b38,paradoxically.co,available,,,high,high,13,,,,
17de945f-b9e8-4831-9015-326bf2e4430e,liable.co,resell,,,high,low,6,"Spaceship, Inc.",06/09/2010 03:02,05/09/2027 23:59,24/09/2026 05:13
069d83e0-70bb-4dfc-8cf8-765da44427de,misremember.co,available,,,high,high,11,,,,
2fda4414-82ca-4ec6-b9b2-dfbe9ac2ffb6,unshackle.co,available,,,high,high,9,,,,
9d734c8e-267f-4b4f-b254-d39fa614e494,contrasting.co,premium,116,116,high,low,11,namesilo,,,
57eae245-1343-42ed-ac12-c7050e2f547a,accrementition.co,available,,,high,high,14,,,,
84758265-9b04-4c52-8245-c6b3ef780943,newcomers.co,available,,,high,low,9,,,,
f4ad1a35-6893-40d9-96ac-53921886ae77,diskette.co,premium,116,116,high,low,8,namesilo,,,18/08/2026 08:53
9e26894b-5583-46b1-a52e-6c064d6cd85d,datelines.co,available,,,medium,low,9,,,,
9f754cd7-2b47-4c36-8754-d7f7256a7912,cybercommunication.co,available,,,high,low,18,,,,
d73ac40f-8318-4217-b275-923bf1218b7c,relation.co,resell,,,high,low,8,"Spaceship, Inc.",08/09/2012 18:10,07/09/2026 23:59,
07568856-708b-4fbb-b460-8848f6b369c6,highlightings.co,available,,,low,low,13,,,,
a227de3a-bfe2-4de2-9d30-c5f738243666,baronial.co,premium,130,130,medium,low,8,namecheap,,,08/08/2026 20:11
152acbde-36fb-424b-a801-d278915a9237,weighting.co,available,,,high,high,9,,,,
da35be3b-301a-4664-b481-a0b13222d475,consequent.co,resell,,,high,low,10,"Spaceship, Inc.",22/06/2018 21:10,22/06/2026 21:10,
044508cb-34bc-4402-84d6-b5309f174e2a,winy.co,resell,,,high,low,4,Dynadot Inc,01/01/2016 18:03,31/12/2026 23:59,13/09/2026 12:25
300b866f-98bb-4f17-8897-ab2fe163bd84,slipover.co,available,,,high,high,8,,,,
7172206a-79ec-4800-83e6-aa1fb96108e9,kittanning.co,available,,,high,high,10,,,,
b095d21e-b480-4a3c-b8ce-fa4edfbfac2b,newbrook.co,available,,,high,high,8,,,,
7731c2ae-de30-4f40-a92f-49e1c4b1b4fc,anglicise.co,available,,,high,high,9,,,,
659f7d41-8203-4d7e-b475-c5d441a71f0f,gallup.co,resell,,,high,high,6,1API GmbH,13/08/2012 18:08,12/08/2025 23:59,
089d0cba-1379-40bc-9257-d98f2fb84760,idealist.co,resell,,,high,high,8,"GoDaddy.com, LLC",13/10/2012 23:06,12/10/2025 23:59,
df67cfc7-ae86-49b8-b5d5-86d56a9b6789,gowhole.co,available,,,high,high,7,,,,
134f1155-cb0b-42e5-bb98-039700630eeb,teakwood.co,available,,,high,high,8,,,,
163f34d3-3b37-4fb2-9688-623a6d35b62b,zappers.co,available,,,medium,low,7,,,,
ef17ccee-a20a-478a-8206-0b4f94011426,spinous.co,premium,302.5,302.5,high,low,7,namesilo,,,
4620d0e8-593f-43fb-8fc9-b57e16711c96,exuding.co,available,,,high,high,7,,,,
abe8ff39-bbfd-4ac4-86b8-678df3b4dbd8,absorpt.co,available,,,high,high,7,,,,
4fb357dd-6a9d-49a7-843c-c38f64076e50,accumulatios.co,available,,,low,low,12,,,,
b7f44b86-2b12-473e-a15c-277603739bba,mopping.co,available,,,high,high,7,,,,
076ed628-8354-4d7f-9be1-b1e86f62257a,resolving.co,available,,,high,high,9,,,,
bc998dc9-dcba-46e8-874b-cdba1a6b1316,geometrylike.co,available,,,high,high,12,,,,
7033422c-37aa-4894-a39d-7d20cad6fde1,ostensibly.co,premium,130,130,high,low,10,namecheap,,,13/09/2026 20:26
57c72ef9-4cd5-4e7d-ad1d-2f3726d6d188,concatenation.co,available,,,high,high,13,,,,
1465004b-33e4-4b99-bf1f-bc9e66aeca23,clapboard.co,premium,130,130,high,high,9,namecheap,,,24/09/2026 07:47
56795c3a-cae0-47dc-9cd6-bdb47dc764d3,assemblies.co,available,,,high,low,10,,,,
de58a655-a717-4a0b-b6ea-c86341f967c3,whitecup.co,available,,,high,high,8,,,,
12b9a781-27b2-4c98-aff5-97d9c9303582,banoffee.co,available,,,high,high,8,,,,
09740e9f-be53-4b01-8e80-f4f21e3134f5,exclusiveness.co,available,,,high,low,13,,,,
a3946083-22f4-4b1d-abfb-c6faaf8c0f57,launceston.co,available,,,high,high,10,,,,
c4b6061b-f321-40a1-9978-d52c96e61a26,dragomen.co,available,,,medium,low,8,,,,
5497a7e0-b77d-40fa-9e60-217feee2ccd6,executrices.co,available,,,medium,low,11,,,,
8bf01f1b-625a-4b7e-88de-b38b699fa4d2,bridleless.co,available,,,medium,low,10,,,,
a8bb76c4-4d91-4d00-9258-aef2a494c540,stansstad.co,available,,,high,high,9,,,,
7e5b87d5-bfbc-4c2d-b9af-e4c5b3495799,undercard.co,available,,,high,high,9,,,,
781b490f-f9de-44f2-8b1b-a253253e310f,continuations.co,available,,,medium,low,13,,,,
b865a1dc-7a82-4a32-8234-9cb157169bc7,partaking.co,available,,,high,high,9,,,,
19801b07-90ee-4230-a946-42cd587006f3,hoya.co,resell,,,high,high,4,1API GmbH,12/04/2013 16:26,11/04/2026 23:59,
a2776c48-16db-4b0b-9150-7c0485519eea,convincingly.co,available,,,high,high,12,,,,
bd3cfef8-a0d2-4053-bd7c-a9a124574e4e,redoubled.co,premium,116,116,high,medium,9,namesilo,,,09/09/2026 12:22
db5ce604-694d-42b4-aff5-8655319f03b7,bigheartedly.co,available,,,high,high,12,,,,
c46e892f-e989-43d5-9741-4af14083df9f,vigorous.co,resell,,,high,high,8,"Spaceship, Inc.",28/09/2013 15:25,27/09/2025 23:59,
4475d14a-d31c-4305-8a4d-b79bc1f45cd5,burgundian.co,available,,,high,high,10,,,,
8e8f9a9f-6179-498f-bc81-938dabac0aa3,hallmate.co,available,,,high,high,8,,,,
02713436-4f9c-40e5-95fa-23f590607e23,unprejudiced.co,available,,,high,high,12,,,,
d07ac4af-d0bf-4b07-a9b1-45162a1ee25c,stepfamilies.co,available,,,medium,low,12,,,,
89077d81-41d4-4c59-bfdd-5e21da3396bf,err.co,resell,,,high,low,3,Hello Internet Corp.,20/07/2010 18:00,19/07/2027 23:59,19/09/2026 13:28
2601ceee-aaa3-40ea-a8f8-2ded1aa016f9,flatmates.co,resell,,,high,low,9,"GoDaddy.com, LLC",25/11/2014 19:40,24/11/2025 23:59,
f48f301f-ab6a-49c0-8b67-842ac510d643,tribeswoman.co,available,,,high,low,11,,,,
b0fc436e-efe6-450d-ac5a-af62a67c9c08,donut.co,resell,,,high,low,5,"GoDaddy.com, LLC",04/10/2020 17:01,04/10/2026 23:59,
aa36aabd-4014-4854-aef5-27cc9f1270e7,steadicam.co,available,,,high,high,9,,,,
b9e814b1-80a8-4668-b6dc-399dde65b8f7,aluminize.co,available,,,high,high,9,,,,
f1fb595d-df8b-462e-ad21-31b1e64a17c5,condylobasal.co,available,,,medium,low,12,,,,
025c062c-d56d-476a-8ded-fd898a19064d,birthdates.co,available,,,medium,low,10,,,,
41e62429-af63-45bf-805d-48283d732e7f,privilege.co,resell,,,high,high,9,"Name.com, Inc.",20/07/2010 18:04,19/07/2027 23:59,19/09/2026 13:53
ed6ba9d1-ced8-4c8f-bdfb-a62d8e5bdb95,resultant.co,premium,5789.84,44.99,high,low,9,name.com,,,
63364893-4a76-40ca-83c4-ab655dbec8ec,harmoniously.co,available,,,high,high,12,,,,
62d213ed-ac25-4c1a-bc11-f9b222cc5c43,womban.co,available,,,high,high,6,,,,
72e8dcef-8100-4dc3-a2b5-1ead865e1e70,comprised.co,available,,,high,low,9,,,,
d76efdf0-866f-48b3-affc-823be107c91b,promove.co,available,,,high,medium,8,,,,
c832e5bc-d69f-4278-9cbd-1cab7b8fbe5a,jactitate.co,available,,,high,high,9,,,,
1b7b1a6e-57d7-42f0-8dbc-18a9cb05f456,retractile.co,premium,116,116,high,low,10,namesilo,,,09/09/2026 15:42
85ed6ef4-d97c-4474-9dcf-9a2709d2c6cb,supping.co,available,,,high,high,7,,,,
671736d4-3559-4eb3-b00d-55c1b319a0fa,nonno.co,available,,,high,high,5,,,,
61790c67-5415-45c4-9b1c-fa6f749fe84b,whaddaya.co,available,,,high,high,8,,,,
b35d66a2-9d3c-4347-a86d-958b6e740479,didgeridoo.co,available,,,high,high,10,,,,
7a0416f0-9ec9-4588-9923-39cf85f47eae,creditworthy.co,resell,,,high,high,13,"GoDaddy.com, LLC",29/11/2019 12:21,29/11/2025 12:21,
89074f06-986a-45d2-9e13-14bea10b3506,destinee.co,resell,,,high,medium,8,"NameCheap, Inc.",24/09/2019 16:02,24/09/2025 16:02,
882677ec-4773-4551-a260-48acaba261fb,centrofacial.co,available,,,medium,low,12,,,,
771f983e-ecbb-4e8a-b423-4ba2de92618d,zigzag.co,resell,,,high,high,6,1API GmbH,20/09/2012 18:27,19/09/2025 23:59,
04974a4d-b1d8-481d-a439-9dd821a4a281,phantasy.co,resell,,,high,low,8,"Sav.com, LLC - 1",27/01/2023 17:00,27/01/2027 23:59,17/08/2026 21:58
d0099b96-2135-4e3c-b3f4-c25c7b351a7f,apologiser.co,available,,,high,high,10,,,,
5df83250-1c87-4be0-9c9d-80dfca7b0126,utrecht.co,available,,,high,high,7,,,,
0661c630-96bc-4a94-bff6-d13271e1ef9d,underbreeches.co,available,,,medium,low,13,,,,
943a3954-d4ca-44f9-8eaa-65b488372881,melodramatically.co,available,,,high,high,16,,,,
93d40f74-c0c5-442b-bafa-4a6954ded97f,gorlois.co,available,,,high,high,7,,,,
6348f241-69d8-4ad8-a1c7-5adbbc0b5490,twinberry.co,available,,,high,high,9,,,,
7651290b-b35b-486f-b51b-b45e50dd1051,calcine.co,available,,,high,high,7,,,,
6024a680-cfba-4b2f-8c32-656ac7fcf624,fri.co,resell,,,high,high,3,Dynadot Inc,24/06/2020 03:43,24/06/2026 03:43,
781f3928-b1b4-4980-92e1-850b7c4da4e8,afterward.co,resell,,,high,low,9,"NameCheap, Inc.",05/10/2016 02:26,04/10/2026 23:59,
d15b8c67-60a3-4796-a974-0a36d8db13a0,nerfed.co,available,,,high,high,6,,,,
a85d4793-70e5-4557-aa29-aa2a22fd3a23,melodrama.co,available,,,high,high,9,,,,
27821e9f-9076-45b1-a47e-f65fb2e447fd,bald.co,resell,,,high,low,4,"GoDaddy.com, LLC",24/02/2010 23:03,23/02/2027 23:59,08/08/2026 09:16
bc307245-c84f-4f8e-a4e4-89d2a9d352cd,facepalm.co,available,,,high,high,8,,,,
d83c81b4-7db8-4f78-89d4-77f3a3961a4e,jazzercise.co,available,,,high,high,10,,,,
fa6e617e-5488-48a2-a4db-88ad1e12a255,cosmogenic.co,premium,116,116,high,low,10,namesilo,,,13/08/2026 03:00
4b640ed9-32e2-4180-8a5c-e18bd896bae4,shakemap.co,available,,,high,high,9,,,,
f21a13f8-18a9-4fef-889a-3261276f3c88,roi.co,resell,,,high,low,3,"Spaceship, Inc.",21/07/2010 20:49,20/07/2027 23:59,19/09/2026 15:41
e6040799-085c-4290-91e3-88bc534cb14d,bimanual.co,premium,116,116,high,low,8,namesilo,,,09/08/2026 22:36
f92b565d-e6bd-47eb-9d47-9da5c1d159c9,floorboard.co,available,,,high,high,10,,,,
dbcd170d-3ef6-41f4-b817-66c42096ba92,fatsuit.co,available,,,high,high,7,,,,
347ce8e7-0ff8-4315-8c5c-62ec134d3c3d,nods.co,resell,,,high,low,4,"GoDaddy.com, LLC",17/09/2021 17:00,17/09/2025 17:00,
59bc0925-9c3f-47a1-9212-c2b15dc09a0e,adapts.co,available,,,high,medium,6,,,,
05f7a55f-2015-4b51-ac0f-292644ec222f,sneezing.co,premium,116,116,high,low,8,namesilo,,,
3428c48e-ab53-4718-b0f2-de88af0a8373,antiemetics.co,available,,,high,low,11,,,,
6c63aeec-bc07-4beb-87da-0312a246e8ad,finalize.co,resell,,,high,low,8,"Network Solutions, LLC",14/04/2022 17:10,14/04/2027 23:59,
8dec748b-7268-476b-a276-e6a9f12aef77,readjusts.co,available,,,medium,low,9,,,,
52021cd2-1a16-4d8c-be1c-4068d14dece5,hallucinant.co,available,,,high,high,11,,,,
bb60d3a0-a7b2-4c8f-819b-a29c39221981,laristan.co,available,,,high,high,8,,,,
eb36e6b9-9961-47ef-b30c-5c80cf2fbb6c,fourteenth.co,premium,116,116,high,low,10,namesilo,,,
53b75764-18a2-4bfa-9f7f-98940bc48b8c,petha.co,available,,,high,high,5,,,,
580a40af-7159-4460-a6a1-91da7ebf89b6,realizes.co,available,,,medium,low,8,,,,
85584d1d-7fab-4de3-ba39-7aa10438b312,vivaciously.co,available,,,high,high,11,,,,
320cfe00-ba35-466b-a31a-ee074fbf5dc1,counterchanged.co,available,,,high,high,14,,,,
6224e544-08fd-4a95-9253-18e01f27829b,publicly.co,premium,350,350,high,low,8,namecheap,,,
9775cdbd-e6c6-4e28-95d4-9f0781237030,suboption.co,available,,,high,high,9,,,,
ad1147ca-8d0d-44e2-a821-137c3d49e958,gambrel.co,available,,,high,high,7,,,,
9e568c38-ad68-4c43-9d7c-c623c76674f8,ecologist.co,available,,,high,high,9,,,,
5b9f27e5-89c7-4805-bb9b-e1a26e8f8e8d,septette.co,available,,,high,high,8,,,,
a8dbb434-5035-45c5-8fcb-b715d66ef229,layered.co,resell,,,high,low,7,"GoDaddy.com, LLC",04/11/2017 18:09,03/11/2027 23:59,22/08/2026 21:32
7a0a927d-3c72-4a53-8d5d-e1f8affdf5e6,kirkhouse.co,available,,,high,high,9,,,,
c89d6bc7-5aa2-43f1-adbb-54556ced88d6,pounder.co,available,,,high,high,7,,,,
6eeede5d-3dfb-439f-b879-b1e9e44ec9c7,jugglery.co,available,,,high,high,8,,,,
68a26803-e84d-4dd3-9301-e9a47ff75374,regimented.co,premium,116,116,high,medium,10,namesilo,,,09/09/2026 12:55
681cec6e-9457-4bfa-a23f-10f352f7059b,parentlike.co,available,,,high,high,10,,,,
ea1944ad-6f30-4e5f-973e-4e27bca00ef1,comprehensively.co,available,,,high,high,15,,,,
7d8df192-4184-45ed-bae8-cb7612671826,mushroomburger.co,available,,,high,high,14,,,,
54ffa3f7-4ea1-4cba-a342-6720c0cb6171,loudhailers.co,available,,,medium,low,11,,,,
83b0ce14-0bf1-4b59-9e28-58054ea7249f,gelatines.co,available,,,medium,low,9,,,,
451a1704-8434-4505-80fc-d05329f26e72,fluctuating.co,available,,,high,high,11,,,,
06433d67-6aeb-40bd-b4ed-24804c79b518,hospitalize.co,available,,,high,high,11,,,,
54d7e10a-06b7-4c6d-8109-99726ac52197,electrifiers.co,available,,,medium,low,12,,,,
907aa7a8-ba95-4bc7-aef6-e1ee7f5a2097,namedropper.co,available,,,high,high,12,,,,
278485cd-9d16-4847-9d38-1bc53769c36c,chairness.co,available,,,high,high,9,,,,
e123a2cd-e48e-4864-8e9e-5b70045c69cf,chewed.co,available,,,high,medium,6,,,,
28a74e35-a840-4ef2-a3ca-6104adbd32c2,keyseat.co,available,,,high,high,8,,,,
a342ba56-3981-4f8c-a791-467aba5682cf,internalise.co,available,,,high,high,11,,,,
4ee9aade-c875-4e3d-a3f9-977b613834bb,tournament.co,resell,,,high,high,10,GrepApps Technology Inc.,04/10/2024 17:00,04/10/2025 17:00,
3172c30b-16f1-4ba6-91c5-168166b1cdc1,upskill.co,resell,,,high,high,7,GoDaddy Online Services Cayman Islands Ltd.,19/05/2012 13:48,18/05/2026 23:59,
f928d390-6709-474b-99d9-c48ee31b7ff9,unabated.co,premium,116,116,high,low,8,namesilo,,,11/09/2026 23:24
cae4a7b6-4199-4c7b-a756-81ab08e633e4,leavens.co,available,,,medium,low,7,,,,
241c4216-0c4e-4d2f-9356-cad44149b5b3,zwitterion.co,available,,,high,high,10,,,,
82ce8ffe-0b0a-49e5-8f1c-0d0b7a42de2a,antihypertensive.co,available,,,high,high,16,,,,
9cccd4a6-165b-46da-9e28-97e67a6770d4,linkbaiting.co,available,,,high,high,12,,,,
33cb1d16-f331-4096-be03-53549e60797f,gravitropism.co,available,,,high,low,12,,,,
02fdef35-29fb-45bb-8a31-3707c00daa14,jovially.co,premium,116,116,high,low,8,namesilo,,,15/09/2026 09:51
4c604d9f-f0bc-42cd-b07e-414de4837b73,workingman.co,available,,,high,high,10,,,,
a840f004-b68a-4813-b2c6-1abc0e904802,located.co,resell,,,high,low,7,"NameCheap, Inc.",05/01/2017 00:05,04/01/2027 23:59,
593c25e8-4605-46ee-bff6-eec8690b79a2,flew.co,resell,,,high,low,4,Dynadot Inc,15/06/2020 04:41,15/06/2027 23:59,
9d8ddd26-23d0-4d2c-94f0-836ed95dad44,fruitwood.co,available,,,high,high,9,,,,
1f5066d7-2b55-4361-8fbc-fdd25ddf37c8,panpipe.co,available,,,high,high,7,,,,
89cc607c-1e52-41bc-850d-29ee40543d30,heiferette.co,available,,,high,high,10,,,,
c57f4c6e-ae15-4c77-b305-9d44bef2d46b,trodden.co,available,,,high,high,7,,,,
aaf44a2b-6216-4e56-bac7-92bf6097b98d,gladly.co,resell,,,high,low,6,Porkbun,14/11/2013 23:34,13/11/2026 23:59,17/08/2026 20:47
9302a2be-7f24-44bb-a5e6-1c3f5c10ef6e,teenage.co,premium,640,640,high,low,7,namesilo,,,11/09/2026 10:07
8ce101ea-17c7-4727-9e2f-b7462aff6eac,toylike.co,available,,,high,high,7,,,,
6a2e7e0d-1f2f-4e9a-82cb-01ea21f3b364,hibernator.co,available,,,high,high,10,,,,
5b7db336-952e-441f-8ada-513f8328185b,hum.co,premium,88837.5,,high,low,3,"Spaceship, Inc.",20/07/2010 18:04,19/07/2026 23:59,
c5d2f07c-3480-4a00-a5a5-accf90f2df35,coprincipal.co,available,,,high,high,11,,,,
575f9e4d-042e-4d41-95fb-0b5bd1fd0ef8,encenia.co,available,,,high,high,7,,,,
bae0a2e4-ee2a-4dc9-8839-3edf5f5cb3f2,behaviourism.co,available,,,high,low,12,,,,
356d54eb-ca97-4b89-add7-6a937ddde61b,tupped.co,available,,,medium,low,6,,,,
ceb5cbc3-41f4-4914-aabb-2a6cc75363ee,whitening.co,available,,,high,high,9,,,,
20948c7f-120c-4507-b857-e41e845d5ea3,retrieval.co,resell,,,high,high,9,InternetX GmbH,18/06/2015 03:07,17/06/2026 23:59,
4bc7853a-fbfe-431b-9f47-738d2f8397bd,graecoarmenian.co,available,,,high,high,15,,,,
adca2a2d-b5c3-4715-8ee7-f905ebd70d36,atthill.co,available,,,high,high,7,,,,
e78516d7-55c9-40e9-94cb-b3e0f8f3d16e,carousal.co,available,,,high,high,8,,,,
544dd1c9-409e-411e-9f78-8ea8652fe867,bullplop.co,available,,,high,high,8,,,,
dbc916f0-762f-479e-945a-bf27187b7af2,wobbles.co,available,,,medium,low,7,,,,
4b013d6d-4b17-49e2-a10b-90fc70d79cf9,duisburg.co,available,,,high,high,8,,,,